<?xml version="1.0" standalone="yes"?>
<library-reference><header name="boost/dataflow/utility/bind_mem_fn.hpp"><namespace name="boost"><namespace name="dataflow"><namespace name="utility"><function name="bind_mem_fn"><type>boost::function&lt; typename <classname>member_function_signature</classname>&lt; MemFn &gt;::type &gt;</type><template>
          <template-type-parameter name="MemFn"/>
          <template-type-parameter name="T"/>
        </template><parameter name="mem_fn"><paramtype>MemFn</paramtype></parameter><parameter name="object"><paramtype>T &amp;</paramtype></parameter><purpose>Binds a class member function to a class object. </purpose><description><para>
</para></description><returns><para>boost::function type with the bound member function. </para></returns></function></namespace></namespace></namespace><macro name="BOOST_PP_ITERATION_PARAMS_1"/><macro name="BOOST_DATAFLOW_UTILITY_BIND_MEM_FN_HPP"/></header><header name="boost/dataflow/utility/bind_mem_fn_overload.hpp"><namespace name="boost"><namespace name="dataflow"><namespace name="utility"><function name="bind_mem_fn_overload"><type>boost::function&lt; Signature &gt;</type><template>
          <template-type-parameter name="Signature"/>
          <template-type-parameter name="T"/>
        </template><parameter name="func"><paramtype>typename <classname>dataflow::utility::slot_type</classname>&lt; Signature, T &gt;::type</paramtype></parameter><parameter name="object"><paramtype>T &amp;</paramtype></parameter><purpose>Binds a class member function of a specified Signature to a class object. </purpose><description><para>
</para></description><returns><para>boost::function type with the bound member function. </para></returns></function><function name="bind_mem_fn_const_overload"><type>boost::function&lt; Signature &gt;</type><template>
          <template-type-parameter name="Signature"/>
          <template-type-parameter name="T"/>
        </template><parameter name="func"><paramtype>typename <classname>dataflow::utility::slot_type</classname>&lt; Signature, const T &gt;::type</paramtype></parameter><parameter name="object"><paramtype>T &amp;</paramtype></parameter><purpose>Binds a class const member function of a specified Signature to a non-const class object. </purpose><description><para>
</para></description><returns><para>boost::function type with the bound member function. </para></returns></function></namespace></namespace></namespace></header><header name="boost/dataflow/utility/bind_object.hpp"><namespace name="boost"><namespace name="dataflow"><namespace name="utility"><struct name="bind_object"><template>
      <template-type-parameter name="Signature"/>
      <template-type-parameter name="T"/>
    </template></struct></namespace></namespace></namespace><macro name="BOOST_PP_ITERATION_PARAMS_1"/><macro name="BOOST_DATAFLOW_UTILITY_BIND_OBJECT_HPP"/></header><header name="boost/dataflow/utility/copy_cv.hpp"><namespace name="boost"><namespace name="dataflow"><namespace name="utility"><struct name="copy_const"><template>
      <template-type-parameter name="T_dst"/>
      <template-type-parameter name="T_src"/>
    </template><typedef name="type"><type>mpl::if_&lt; is_const &lt; T_src &gt;, add_const&lt; T_dst &gt;, remove_const &lt; T_dst &gt; &gt;::type::type</type></typedef></struct><struct name="copy_volatile"><template>
      <template-type-parameter name="T_dst"/>
      <template-type-parameter name="T_src"/>
    </template><typedef name="type"><type>mpl::if_&lt; is_volatile&lt; T_src &gt;, add_volatile&lt; T_dst &gt;, remove_volatile&lt; T_dst &gt; &gt;::type::type</type></typedef></struct><struct name="copy_cv"><template>
      <template-type-parameter name="T_dst"/>
      <template-type-parameter name="T_src"/>
    </template><typedef name="type"><type>copy_volatile&lt; typename copy_const &lt; T_dst, T_src &gt;::type, T_src &gt;::type</type></typedef></struct></namespace></namespace></namespace></header><header name="boost/dataflow/utility/enable_if_type.hpp"><namespace name="boost"><namespace name="dataflow"><namespace name="utility"><struct name="enable_if_type"><template>
      <template-type-parameter name="T"/>
      <template-type-parameter name="Result"><default>void</default></template-type-parameter>
    </template><typedef name="type"><type>Result</type></typedef></struct><struct name="all_of"><template>
      <template-type-parameter name="T0"><default>void_</default></template-type-parameter>
      <template-type-parameter name="T1"><default>void_</default></template-type-parameter>
      <template-type-parameter name="T2"><default>void_</default></template-type-parameter>
      <template-type-parameter name="T3"><default>void_</default></template-type-parameter>
      <template-type-parameter name="T4"><default>void_</default></template-type-parameter>
      <template-type-parameter name="T5"><default>void_</default></template-type-parameter>
    </template></struct></namespace></namespace></namespace></header><header name="boost/dataflow/utility/forced_sequence.hpp"><namespace name="boost"><namespace name="dataflow"><namespace name="utility"><struct name="forced_sequence"><template>
      <template-type-parameter name="T"/>
      <template-type-parameter name="Enable"><default>void</default></template-type-parameter>
    </template><typedef name="type"><type>mpl::vector&lt; T &gt;</type></typedef></struct><struct-specialization name="forced_sequence"><template>
    </template><specialization><template-arg>void</template-arg></specialization><typedef name="type"><type>mpl::vector</type></typedef></struct-specialization><struct-specialization name="forced_sequence"><template>
      <template-type-parameter name="T"/>
    </template><specialization><template-arg>T</template-arg><template-arg>typename enable_if&lt; mpl::is_sequence&lt; T &gt; &gt;::type</template-arg></specialization><typedef name="type"><type>T</type></typedef></struct-specialization></namespace></namespace></namespace></header><header name="boost/dataflow/utility/forwardable.hpp"><namespace name="boost"><namespace name="dataflow"><namespace name="utility"><struct name="forwardable"><template>
      <template-type-parameter name="T"/>
    </template><typedef name="type"><type>const T &amp;</type></typedef></struct><struct-specialization name="forwardable"><template>
      <template-type-parameter name="T"/>
    </template><specialization><template-arg>T &amp;</template-arg></specialization><typedef name="type"><type>T &amp;</type></typedef></struct-specialization></namespace></namespace></namespace></header><header name="boost/dataflow/utility/has_call_operator.hpp"><namespace name="boost"><namespace name="dataflow"><namespace name="utility"><struct name="has_call_operator"><template>
      <template-type-parameter name="T"/>
      <template-type-parameter name="Signature"/>
    </template></struct></namespace></namespace></namespace></header><header name="boost/dataflow/utility/is_type.hpp"><namespace name="boost"><namespace name="dataflow"><namespace name="utility"><struct name="is_type"><template>
      <template-type-parameter name="T"/>
    </template></struct></namespace></namespace></namespace></header><header name="boost/dataflow/utility/member_function_signature.hpp"><namespace name="boost"><namespace name="dataflow"><namespace name="utility"><struct name="member_function_signature"><template>
      <template-type-parameter name="MemFn"/>
    </template><description><para>Removes the class from a member function pointer type, yielding the pure function signature (e.g., usable by boost::function). </para></description><typedef name="type"><type>function_types::function_type&lt; typename mpl::erase&lt; typename boost::function_types::components&lt; MemFn &gt;::type, typename mpl::next&lt; typename mpl::begin&lt; typename boost::function_types::components&lt; MemFn &gt;::type &gt;::type &gt;::type &gt;::type &gt;::type</type></typedef><method-group name="public member functions"><method name="BOOST_MPL_ASSERT" cv=""><type/><parameter name=""><paramtype>(function_types::is_member_function_pointer&lt; MemFn &gt;)</paramtype></parameter></method></method-group></struct></namespace></namespace></namespace></header><header name="boost/dataflow/utility/slot_type.hpp"><namespace name="boost"><namespace name="dataflow"><namespace name="utility"><struct name="slot_type"><template>
      <template-type-parameter name="Signature"/>
      <template-type-parameter name="T"/>
    </template><purpose>Constructs a type corresponding to pointer to member of T with signature Signature. </purpose><description><para>e.g. slot_type&lt;some_class, void(float)&gt;type is void (some_class::*) (float) </para></description><typedef name="type"><type>boost::function_types::member_function_pointer&lt; typename boost::mpl::push_front&lt; typename boost::mpl::push_front&lt; typename boost::function_types::parameter_types&lt; Signature &gt;::type, T &gt;::type, typename boost::function_types::result_type&lt; Signature &gt;::type &gt;::type &gt;::type</type></typedef></struct></namespace></namespace></namespace></header><header name="boost/dataflow/utility/underlying_type.hpp"><namespace name="boost"><namespace name="dataflow"><namespace name="utility"><struct name="underlying_type"><template>
      <template-type-parameter name="T"/>
    </template><purpose>Returns the cv-unqualified, unreferenced version of a type. </purpose><typedef name="type"><type>remove_cv&lt; typename remove_reference&lt; T &gt;::type &gt;::type</type></typedef></struct></namespace></namespace></namespace></header><header name="boost/dataflow/utility/uuid_constant.hpp"><namespace name="boost"><namespace name="dataflow"><namespace name="utility"><struct name="uuid_constant"><template>
      <template-nontype-parameter name="Word1"><type>uint32_t</type></template-nontype-parameter>
      <template-nontype-parameter name="Word2"><type>uint32_t</type></template-nontype-parameter>
      <template-nontype-parameter name="Word3"><type>uint32_t</type></template-nontype-parameter>
      <template-nontype-parameter name="Word4"><type>uint32_t</type></template-nontype-parameter>
    </template><typedef name="word1"><type>mpl::integral_c&lt; uint32_t, Word1 &gt;</type></typedef><typedef name="word2"><type>mpl::integral_c&lt; uint32_t, Word2 &gt;</type></typedef><typedef name="word3"><type>mpl::integral_c&lt; uint32_t, Word3 &gt;</type></typedef><typedef name="word4"><type>mpl::integral_c&lt; uint32_t, Word4 &gt;</type></typedef></struct><struct name="is_same_uuid"><template>
      <template-type-parameter name="Uuid1"/>
      <template-type-parameter name="Uuid2"/>
    </template></struct></namespace></namespace></namespace></header></library-reference>
