<?xml version="1.0" standalone="yes"?>
<library-reference><header name="boost/dataflow/signals/component/condition.hpp"><namespace name="boost"><namespace name="signals"><class name="condition"><template>
      <template-type-parameter name="Signature"/>
      <template-type-parameter name="OutSignal"><default>SIGNAL_NETWORK_DEFAULT_OUT</default></template-type-parameter>
      <template-type-parameter name="SignalArgs"><default>typename default_signal_args&lt;Signature&gt;::type</default></template-type-parameter>
    </template><purpose>Signals a thread condition when a signal is received. </purpose><method-group name="public member functions"/><constructor><parameter name="cond"><paramtype>boost::condition &amp;</paramtype></parameter><parameter name="m"><paramtype>boost::mutex &amp;</paramtype></parameter></constructor></class></namespace></namespace></header><header name="boost/dataflow/signals/component/counter.hpp"><namespace name="boost"><namespace name="signals"><class name="counter"><template>
      <template-type-parameter name="Signature"/>
      <template-type-parameter name="OutSignal"><default>SIGNAL_NETWORK_DEFAULT_OUT</default></template-type-parameter>
      <template-type-parameter name="T"><default>int</default></template-type-parameter>
      <template-type-parameter name="SignalArgs"><default>typename default_signal_args&lt;Signature&gt;::type</default></template-type-parameter>
    </template><purpose>Counts the number of signals passing through the component. counter is an applicator with a postincrement application and default member of type volatile int. </purpose><description><para>
</para></description><method-group name="public member functions"><method name="reset" cv=""><type>void</type><description><para>Sets the internal counter to 0. </para></description></method><method name="count" cv="const"><type>T</type><description><para>
</para></description><returns><para>The internal signal counter. </para></returns></method></method-group><constructor><description><para>Initializes the internal counter to 0. </para></description></constructor></class></namespace></namespace></header><header name="boost/dataflow/signals/component/filter.hpp"><namespace name="boost"><namespace name="signals"><struct name="signal_args"><template>
      <template-type-parameter name="Combiner"/>
      <template-type-parameter name="Group"><default>int</default></template-type-parameter>
      <template-type-parameter name="GroupCompare"><default>std::less&lt;Group&gt;</default></template-type-parameter>
    </template><struct name="apply"><template>
      <template-type-parameter name="OutSignature"/>
    </template><typedef name="type"><type>boost::signal&lt; OutSignature, combiner_type, group_type, group_compare_type &gt;</type></typedef></struct><typedef name="combiner_type"><type>Combiner</type></typedef><typedef name="group_type"><type>Group</type></typedef><typedef name="group_compare_type"><type>GroupCompare</type></typedef></struct><struct name="default_signal_args"><template>
      <template-type-parameter name="OutSignature"/>
    </template><typedef name="combiner_type"><type>boost::last_value&lt; typename boost::function_traits&lt; OutSignature &gt;::result_type &gt;</type></typedef><typedef name="group_type"><type>int</type></typedef><typedef name="group_compare_type"><type>std::less&lt; group_type &gt;</type></typedef><typedef name="type"><type>signal_args&lt; combiner_type, group_type, group_compare_type &gt;</type></typedef></struct><struct-specialization name="default_signal_args"><template>
    </template><specialization><template-arg>void</template-arg></specialization><typedef name="type"><type>void</type></typedef></struct-specialization><class name="filter"><template>
      <template-type-parameter name="Derived"/>
      <template-type-parameter name="OutSignature"/>
      <template-type-parameter name="InSignatures"><default>mpl::vector&lt;&gt;</default></template-type-parameter>
      <template-type-parameter name="SignalArgs"><default>typename default_signal_args&lt;OutSignature&gt;::type</default></template-type-parameter>
    </template><purpose>Provides a basis for filters (components that receive and send a signal). </purpose><description><para>
Use this class as a base class for classes that produce a signal of a particular signature. </para></description><typedef name="signal_type"><type>SignalArgs::template apply&lt; OutSignature &gt;::type</type></typedef><typedef name="signature_type"><type>OutSignature</type></typedef><method-group name="public member functions"><method name="default_signal" cv="const"><type>signal_type &amp;</type><purpose>Returns the default out signal. </purpose></method><method name="disconnect_all_slots" cv=""><type>void</type><purpose>Disconnects all slots connected to the signals::filter. </purpose></method></method-group><constructor><parameter name=""><paramtype>const <classname>filter</classname> &amp;</paramtype></parameter></constructor><constructor/><copy-assignment><parameter name=""><paramtype>const <classname>filter</classname> &amp;</paramtype></parameter></copy-assignment></class><class name="consumer"><template>
      <template-type-parameter name="Derived"/>
      <template-type-parameter name="InSignatures"><default>mpl::vector&lt;&gt;</default></template-type-parameter>
    </template><purpose>Filter class with no output signal. </purpose></class></namespace></namespace></header><header name="boost/dataflow/signals/component/function.hpp"><namespace name="boost"><namespace name="signals"><class name="function"><template>
      <template-type-parameter name="Signature"/>
      <template-type-parameter name="FunctionSignature"/>
      <template-type-parameter name="OutSignal"><default>SIGNAL_NETWORK_DEFAULT_OUT</default></template-type-parameter>
      <template-type-parameter name="SignalArgs"><default>typename default_signal_args&lt;Signature&gt;::type</default></template-type-parameter>
    </template><purpose>Converts a function into a [DataflowSignals] filter. </purpose><description><para>
The signals::function object will receive signals of signature void(function arguments), and send signals of signature void(function return type). </para></description><typedef name="base_type"><type><emphasis>unspecified</emphasis></type></typedef><method-group name="public member functions"/><constructor><parameter name="f"><paramtype>const boost::function&lt; FunctionSignature &gt; &amp;</paramtype></parameter></constructor></class></namespace></namespace></header><header name="boost/dataflow/signals/component/junction.hpp"><namespace name="boost"><namespace name="signals"><class name="junction"><template>
      <template-type-parameter name="Signature"/>
      <template-type-parameter name="OutSignal"><default>SIGNAL_NETWORK_DEFAULT_OUT</default></template-type-parameter>
      <template-type-parameter name="SignalArgs"><default>typename default_signal_args&lt;Signature&gt;::type</default></template-type-parameter>
    </template><purpose>Forwards a single signal to multiple slots, and can also be disabled to stop the flow of signals. junction is a conditional with Condition identity and Member volatile bool. </purpose><method-group name="public member functions"><method name="open" cv=""><type>void</type><description><para>Enables the junction (signals will be forwarded). </para></description></method><method name="close" cv=""><type>void</type><description><para>Disables the junction (signals will not be forwarded). </para></description></method></method-group><constructor><parameter name="opened"><paramtype>bool</paramtype><default>true</default></parameter><description><para>Initializes the junction to be enabled. </para></description></constructor></class></namespace></namespace></header><header name="boost/dataflow/signals/component/multiplexer.hpp"><namespace name="boost"><namespace name="signals"><class name="multiplexer"><template>
      <template-type-parameter name="Signature"/>
      <template-type-parameter name="OutSignal"><default>SIGNAL_NETWORK_DEFAULT_OUT</default></template-type-parameter>
      <template-type-parameter name="SignalArgs"><default>typename default_signal_args&lt;Signature&gt;::type</default></template-type-parameter>
    </template><purpose>Forwards a single signal to multiple slots, and can also be disabled to stop the flow of signals. junction is a conditional with Condition identity and Member volatile bool. </purpose><typedef name="slot_map"><type>boost::fusion::map&lt; boost::fusion::pair&lt; boost::dataflow::signals::producer&lt; Signature &gt;, boost::function&lt; Signature &gt; &gt;, boost::fusion::pair&lt; boost::dataflow::signals::producer&lt; typename multiplexer::fused_signature_type &gt;, boost::function&lt; typename multiplexer::fused_signature_type &gt; &gt; &gt;</type></typedef><method-group name="public member functions"><method name="select" cv=""><type>void</type><parameter name="selector"><paramtype>int</paramtype></parameter><description><para>Sets the multiplexer to forward the specified input. </para></description></method><method name="slot" cv=""><type>boost::dataflow::fusion_keyed_port&lt; boost::dataflow::ports::consumer, slot_map, boost::dataflow::signals::tag &gt;</type><template>
          <template-nontype-parameter name="N"><type>int</type></template-nontype-parameter>
        </template></method></method-group><constructor><parameter name="selector"><paramtype>int</paramtype><default>0</default></parameter><description><para>Initializes the multiplexer to forward the specified input. </para></description></constructor></class></namespace></namespace><macro name="BOOST_TEMPLATE_OPERATOR"/></header><header name="boost/dataflow/signals/component/mutex.hpp"><namespace name="boost"><namespace name="signals"><class name="mutex"><template>
      <template-type-parameter name="Signature"/>
      <template-type-parameter name="OutSignal"><default>SIGNAL_NETWORK_DEFAULT_OUT</default></template-type-parameter>
      <template-type-parameter name="SignalArgs"><default>typename default_signal_args&lt;Signature&gt;::type</default></template-type-parameter>
    </template><purpose>Ensures a component is processing only one signal at a time when using multiple threads. </purpose></class></namespace></namespace></header><header name="boost/dataflow/signals/component/socket_receiver.hpp"><namespace name="boost"><namespace name="signals"><class name="socket_receiver"><template>
      <template-type-parameter name="Signature"/>
      <template-type-parameter name="OutSignal"><default>SIGNAL_NETWORK_DEFAULT_OUT</default></template-type-parameter>
      <template-type-parameter name="SignalArgs"><default>typename default_signal_args&lt;Signature&gt;::type</default></template-type-parameter>
    </template><inherit access="public">boost::signals::storage&lt; Signature, OutSignal, SignalArgs &gt;</inherit><purpose>Receives serializable signals through a Boost.Asio socket. </purpose><description><para>
Todo<para>socket_sender only works for Signatures of return type void.</para></para></description><method-group name="public member functions"><method name="operator()" cv=""><type>void</type><purpose>Sets the receiver to wait for a packet and send its contents via the signal. </purpose></method><method name="async_read" cv=""><type>void</type></method></method-group><constructor><parameter name="socket"><paramtype>asio::ip::tcp::socket &amp;</paramtype></parameter><purpose>Initializes the socket_sender to use the provided socket. </purpose></constructor><method-group name="private member functions"><method name="async_read_header" cv=""><type>void</type><parameter name="error"><paramtype>const boost::system::error_code &amp;</paramtype></parameter><parameter name="bytes_transferred"><paramtype>size_t</paramtype></parameter></method><method name="async_read_signal" cv=""><type>void</type><parameter name="error"><paramtype>const boost::system::error_code &amp;</paramtype></parameter><parameter name="bytes_transferred"><paramtype>size_t</paramtype></parameter></method><method name="process_buffer" cv=""><type>void</type><parameter name="bytes_transferred"><paramtype>size_t</paramtype></parameter></method></method-group></class></namespace></namespace></header><header name="boost/dataflow/signals/component/socket_sender.hpp"><namespace name="boost"><namespace name="signals"><class name="socket_sender"><template>
      <template-type-parameter name="Signature"/>
    </template><inherit access="public">boost::signals::consumer&lt; socket_sender&lt; Signature &gt; &gt;</inherit><purpose>Sends serializable signals through a Boost asio socket. </purpose><description><para>
Todo<para>socket_sender only works for Signatures of return type void. </para></para></description><method-group name="public member functions"/><constructor><parameter name="socket"><paramtype>asio::ip::tcp::socket &amp;</paramtype></parameter></constructor></class></namespace></namespace></header><header name="boost/dataflow/signals/component/storage.hpp"><namespace name="boost"><namespace name="dataflow"><namespace name="extension"><struct-specialization name="component_operation_impl"><template>
      <template-type-parameter name="T"/>
    </template><specialization><template-arg>boost::signals::storage_component_traits&lt; T &gt;</template-arg><template-arg>operations::invoke</template-arg></specialization><typedef name="result_type"><type>void</type></typedef><method-group name="public member functions"><method name="operator()" cv=""><type>void</type><template>
          <template-type-parameter name="Invocable"/>
        </template><parameter name="invocable"><paramtype>Invocable &amp;</paramtype></parameter></method></method-group></struct-specialization></namespace></namespace><namespace name="signals"><class name="storage_modifier"><template>
      <template-type-parameter name="Signature"/>
    </template><struct-specialization name="result"><template>
      <template-type-parameter name="S"/>
      <template-type-parameter name="T1"/>
    </template><specialization><template-arg>storage_modifier&lt; S &gt;(const T1 &amp;)</template-arg></specialization><typedef name="type"><type>boost::optional&lt; const T1 &amp; &gt;</type></typedef></struct-specialization><typedef name="parameter_types"><type>boost::function_types::parameter_types&lt; Signature &gt;::type</type></typedef><typedef name="storable_types"><type><emphasis>unspecified</emphasis></type></typedef><typedef name="storable_vector"><type>boost::fusion::result_of::as_vector&lt; storable_types &gt;::type</type></typedef><method-group name="public member functions"><method name="stored_vector" cv=""><type>const storable_vector &amp;</type></method><method name="open" cv=""><type>void</type></method><method name="close" cv=""><type>void</type></method></method-group><constructor><parameter name="opened"><paramtype>bool</paramtype><default>true</default></parameter></constructor><constructor><parameter name="rhs"><paramtype>const storage_modifier &amp;</paramtype></parameter></constructor><constructor><template>
          <template-type-parameter name="Seq"/>
        </template><parameter name="seq"><paramtype>const Seq &amp;</paramtype></parameter><parameter name="opened"><paramtype>bool</paramtype><default>true</default></parameter></constructor></class><struct name="storage_component_traits"><template>
      <template-type-parameter name="Storage"/>
    </template><method-group name="public static functions"><method name="get_ports" cv=""><type>static storage_component_traits::fusion_ports</type><template>
          <template-type-parameter name="Component"/>
        </template><parameter name="component"><paramtype>Component &amp;</paramtype></parameter></method></method-group></struct><class name="storage"><template>
      <template-type-parameter name="Signature"/>
      <template-type-parameter name="OutSignal"><default>SIGNAL_NETWORK_DEFAULT_OUT</default></template-type-parameter>
      <template-type-parameter name="SignalArgs"><default>typename default_signal_args&lt;Signature&gt;::type</default></template-type-parameter>
    </template><purpose>Stores and transmits arguments received from a signal. </purpose><description><para>
</para></description><typedef name="base_type"><type>conditional_modifier&lt; <classname>storage</classname>, storage_modifier&lt; Signature &gt;, Signature, OutSignal, SignalArgs &gt;</type></typedef><typedef name="parameter_types"><type>storage_modifier&lt; Signature &gt;::parameter_types</type></typedef><typedef name="storable_types"><type>storage_modifier&lt; Signature &gt;::storable_types</type></typedef><typedef name="storable_vector"><type>storage_modifier&lt; Signature &gt;::storable_vector</type></typedef><typedef name="dataflow_traits"><type>storage_component_traits&lt; <classname>storage</classname> &gt;</type></typedef><typedef name="send_map"><type>boost::fusion::map&lt; boost::fusion::pair&lt; boost::dataflow::signals::producer&lt; void()&gt;, boost::function&lt; void()&gt; &gt;, boost::fusion::pair&lt; boost::dataflow::signals::producer&lt; void(const boost::fusion::vector&lt;&gt; &amp;)&gt;, boost::function&lt; void(const boost::fusion::vector&lt;&gt; &amp;)&gt; &gt; &gt;</type></typedef><method-group name="public member functions"><method name="open" cv=""><type>void</type></method><method name="close" cv=""><type>void</type></method><method name="send" cv=""><type>base_type::signal_type::result_type</type><description><para>Sends a signal containing the stored parameter values. 
</para></description><returns><para>Return value of the sent signal. </para></returns></method><method name="send" cv=""><type>base_type::signal_type::result_type</type><parameter name=""><paramtype>const boost::fusion::vector&lt;&gt; &amp;</paramtype></parameter><description><para>Sends a signal containing the stored parameter values. 
</para></description><returns><para>Return value of the sent signal. </para></returns></method><method name="call" cv=""><type>base_type::signal_type::result_type</type><parameter name="f"><paramtype>const boost::function&lt; typename base_type::signature_type &gt; &amp;</paramtype></parameter></method><method name="stored_vector" cv=""><type>const storable_vector &amp;</type><description><para>
</para></description><returns><para>A reference to the fusion vector of stored parameter values. </para></returns></method><method name="at" cv=""><type>boost::fusion::result_of::at_c&lt; storable_vector, N &gt;::type</type><template>
          <template-nontype-parameter name="N"><type>int</type></template-nontype-parameter>
        </template><description><para>
</para></description><returns><para>The stored value of parameter N using an optimizing cast. </para></returns></method><method name="value_at" cv=""><type>boost::mpl::at_c&lt; parameter_types, N &gt;::type</type><template>
          <template-nontype-parameter name="N"><type>int</type></template-nontype-parameter>
        </template><description><para>
</para></description><returns><para>The stored value of parameter N typed exactly as it appears in the Signature. </para></returns></method><method name="send_slot" cv=""><type>boost::dataflow::fusion_keyed_port&lt; boost::dataflow::ports::consumer, send_map, dataflow::signals::tag &gt;</type></method><method name="at_slot" cv=""><type>boost::function</type><template>
          <template-nontype-parameter name="N"><type>int</type></template-nontype-parameter>
        </template><description><para>
</para></description><returns><para>The slot selector for the related at function. </para></returns></method></method-group><constructor><parameter name="rhs"><paramtype>const <classname>storage</classname> &amp;</paramtype></parameter></constructor><constructor><template>
          <template-type-parameter name="Seq"/>
        </template><parameter name="seq"><paramtype>const Seq &amp;</paramtype><description><para>Sequence from which the stored parameter sequence is initialized from. </para></description></parameter><parameter name="opened"><paramtype>bool</paramtype><default>true</default></parameter><description><para>Initializes the stored parameter values using the provided sequence. 
</para></description></constructor><constructor><description><para>Initializes the stored parameter values using its default constructor. </para></description></constructor><method-group name="protected member functions"><method name="stored" cv=""><type>storable_vector &amp;</type></method></method-group></class></namespace></namespace></header></library-reference>
