<!DOCTYPE table PUBLIC "-//OASIS//DTD DocBook XML V4.1.2//EN"
          "http://www.oasis-open.org/docbook/xml/4.1.2/docbookx.dtd">
<table frame='all'><title>Dataflow library tentative design</title>
<tgroup cols='3' align='center' colsep='1' rowsep='1'>
<colspec colname='c1'/>
<colspec colname='c2'/>
<colspec colname='c3'/>
<colspec colname='c4'/>
<thead>
<row>
  <entry>operators</entry>
  <entry>blueprint(to come)</entry>
  <entry></entry>
  <entry>mechanism-specific components</entry>
</row>
<row>
  <entry namest="c1" nameend="c2" align="center">connect, invoke</entry>
  <entry>generic components</entry>
  <entry>mechanism-specific support</entry>
</row>
<row>
  <entry namest="c1" nameend="c4">support</entry>
</row>
</thead>
</tgroup>
</table>
