<?xml version="1.0" standalone="yes"?>
<library-reference><header name="boost/dataflow/support/complemented_port.hpp"><namespace name="boost"><namespace name="dataflow"><struct name="complemented_port_traits"><template>
      <template-type-parameter name="PortCategory"/>
      <template-type-parameter name="ComplementPort"/>
      <template-type-parameter name="Tag"><default>default_tag</default></template-type-parameter>
    </template><inherit access="public">boost::dataflow::port_traits&lt; PortCategory, Tag &gt;</inherit><purpose>Convenience class for ComplementedPortTraits types. </purpose><typedef name="complement_port_type"><purpose>complement Port type. </purpose><type>ComplementPort</type></typedef></struct><struct name="is_complemented_port_traits"><template>
      <template-type-parameter name="PortTraits"/>
      <template-type-parameter name="Enable"><default>void</default></template-type-parameter>
    </template><purpose>Boolean metafunction determining whether a type is a ComplementedPortTraits. </purpose></struct><struct name="is_complemented_port"><template>
      <template-type-parameter name="T"/>
      <template-type-parameter name="Tag"><default>default_tag</default></template-type-parameter>
      <template-type-parameter name="Enable"><default>void</default></template-type-parameter>
    </template><purpose>Boolean metafunction determining whether a type is a ComplementedPort. </purpose></struct></namespace></namespace></header><header name="boost/dataflow/support/component.hpp"><namespace name="boost"><namespace name="dataflow"><struct name="component_traits"><template>
      <template-type-parameter name="PortSequence"/>
      <template-type-parameter name="DefaultPorts"><default>mpl::map&lt;&gt;</default></template-type-parameter>
      <template-type-parameter name="Tag"><default>default_tag</default></template-type-parameter>
    </template><inherit access="public">boost::dataflow::traits&lt; Tag &gt;</inherit><purpose>Convenience base class for ComponentTraits types. </purpose><typedef name="ports"><purpose>MPL Sequence of exposed port types. </purpose><type>PortSequence</type></typedef><typedef name="default_ports"><purpose>MPL Sequence of default ports. </purpose><type>DefaultPorts</type></typedef><method-group name="public member functions"/></struct><struct name="is_component_traits"><template>
      <template-type-parameter name="ComponentTraits"/>
      <template-type-parameter name="Enable"><default>void</default></template-type-parameter>
    </template><purpose>Boolean metafunction determining whether a type is a ComponentTraits. </purpose><method-group name="public member functions"/></struct><struct name="is_component"><template>
      <template-type-parameter name="T"/>
      <template-type-parameter name="Tag"><default>default_tag</default></template-type-parameter>
      <template-type-parameter name="Enable"><default>void</default></template-type-parameter>
    </template><purpose>Boolean metafunction determining whether a type is a Component. </purpose></struct><struct name="component"><template>
      <template-type-parameter name="ComponentTraits"/>
    </template><purpose>Convenience base class for Component types. </purpose><typedef name="dataflow_traits"><purpose>ComponentTraits of the Component. </purpose><type>ComponentTraits</type></typedef></struct></namespace></namespace></header><header name="boost/dataflow/support/default_port_provider.hpp"><namespace name="boost"><namespace name="dataflow"><struct name="has_default_port"><template>
      <template-type-parameter name="T"/>
      <template-type-parameter name="Direction"/>
      <template-type-parameter name="Mechanism"><default>default_mechanism</default></template-type-parameter>
      <template-type-parameter name="Tag"><default>default_tag</default></template-type-parameter>
      <template-type-parameter name="Enable"><default>void</default></template-type-parameter>
    </template><purpose>Boolean Metafunction determining whether a type has a default port. </purpose></struct><struct name="default_traits_of"><template>
      <template-type-parameter name="T"/>
      <template-type-parameter name="Direction"/>
      <template-type-parameter name="Mechanism"><default>default_mechanism</default></template-type-parameter>
      <template-type-parameter name="Tag"><default>default_tag</default></template-type-parameter>
      <template-type-parameter name="Enable"><default>void</default></template-type-parameter>
    </template><purpose>Metafunction returning the PortTraits of a default Port. </purpose><typedef name="type"><purpose>A PortTraits type. </purpose><type><emphasis>unspecified</emphasis></type></typedef></struct><function name="get_default_port"><type><emphasis>unspecified</emphasis></type><template>
          <template-type-parameter name="Direction"/>
          <template-type-parameter name="Mechanism"/>
          <template-nontype-parameter name=""><type>Tag</type><default>default_tag</default></template-nontype-parameter>
          <template-type-parameter name="T1"/>
        </template><parameter name="t1"><paramtype>T1 &amp;</paramtype></parameter><purpose>Returns the default port for a Direction and Mechanism. </purpose></function></namespace></namespace></header><header name="boost/dataflow/support/fusion_component.hpp"><namespace name="boost"><namespace name="dataflow"><struct name="fusion_component_traits"><template>
      <template-type-parameter name="Sequence"/>
      <template-type-parameter name="DefaultPorts"><default>mpl::map&lt;&gt;</default></template-type-parameter>
      <template-type-parameter name="Tag"><default>default_tag</default></template-type-parameter>
    </template><purpose>Convenience base class for FusionComponentTraits types. </purpose><typedef name="fusion_ports"><purpose>MPL Sequence of result types for get_port. </purpose><type>Sequence</type></typedef></struct></namespace></namespace></header><header name="boost/dataflow/support/keyed_port.hpp"><namespace name="boost"><namespace name="dataflow"><struct name="keyed_port_traits"><template>
      <template-type-parameter name="PortCategory"/>
      <template-type-parameter name="KeySequence"/>
      <template-type-parameter name="PortSequence"/>
      <template-type-parameter name="Tag"><default>default_tag</default></template-type-parameter>
    </template><inherit access="public">boost::dataflow::vector_port_traits&lt; PortCategory, PortSequence, Tag &gt;</inherit><purpose>Convenience class for KeyedPortTraits types. </purpose><description><para>
</para></description><typedef name="port_keys"><purpose>MPL Seqence of key types (PortTraits types). </purpose><type>KeySequence</type></typedef></struct><struct name="is_keyed_port_traits"><template>
      <template-type-parameter name="Traits"/>
      <template-type-parameter name="Enable"><default>detail::enable_guard</default></template-type-parameter>
    </template><purpose>Boolean Metafunction determining whether a type is a KeyedPortTraits. </purpose><method-group name="public member functions"/></struct><struct name="is_keyed_port"><template>
      <template-type-parameter name="T"/>
      <template-type-parameter name="Tag"><default>default_tag</default></template-type-parameter>
      <template-type-parameter name="Enable"><default>void</default></template-type-parameter>
    </template><purpose>Boolean Metafunction determining whether a type is a KeyedPort. </purpose><description><para>is_vector_port&lt;T, Tag&gt; is an Integral Constant of type bool. It evaluates to true if T models VectorPort, false otherwise. </para></description><typedef name="value_type"><purpose>Integral Constant value type. </purpose><type>bool</type></typedef><typedef name="value"><purpose>true if T models Port, false otherwise. </purpose><type><emphasis>unspecified</emphasis></type></typedef><typedef name="type"><purpose>Integral Constant. </purpose><type><emphasis>unspecified</emphasis></type></typedef></struct></namespace></namespace></header><header name="boost/dataflow/support/port/category.hpp"><namespace name="boost"><namespace name="dataflow"><struct name="is_port_category"><template>
      <template-type-parameter name="T"/>
      <template-type-parameter name="Enable"><default>void</default></template-type-parameter>
    </template><purpose>Boolean Metafunction determining whether a type is a PortCategory. </purpose><description><para>is_port_category&lt;T&gt; is an Integral Constant of type bool. It evaluates to true if T models PortCategory, false otherwise. </para></description><typedef name="value_type"><purpose>Integral Constant value type. </purpose><type>bool</type></typedef><typedef name="value"><purpose>true if T models PortCategory, false otherwise. </purpose><type><emphasis>unspecified</emphasis></type></typedef><typedef name="type"><purpose>Integral Constant. </purpose><type><emphasis>unspecified</emphasis></type></typedef></struct></namespace></namespace></header><header name="boost/dataflow/support/port/port.hpp"><namespace name="boost"><namespace name="dataflow"><struct name="is_port"><template>
      <template-type-parameter name="T"/>
      <template-type-parameter name="Tag"><default>default_tag</default></template-type-parameter>
      <template-type-parameter name="Enable"><default>void</default></template-type-parameter>
    </template><purpose>Boolean Metafunction determining whether a type is a Port. </purpose><description><para>is_port&lt;T, Tag&gt; is an Integral Constant of type bool. It evaluates to true if T models Port, false otherwise. </para></description><typedef name="value_type"><purpose>Integral Constant value type. </purpose><type>bool</type></typedef><typedef name="value"><purpose>true if T models Port, false otherwise. </purpose><type><emphasis>unspecified</emphasis></type></typedef><typedef name="type"><purpose>Integral Constant. </purpose><type><emphasis>unspecified</emphasis></type></typedef></struct><struct name="port"><template>
      <template-type-parameter name="PortTraits"/>
    </template><purpose>Convenience base class for Port types. </purpose><typedef name="dataflow_traits"><purpose>PortTraits for the Port. </purpose><type>PortTraits</type></typedef><method-group name="public member functions"/></struct></namespace></namespace></header><header name="boost/dataflow/support/tags.hpp"><namespace name="boost"><namespace name="dataflow"><struct name="tag"><purpose>The default Tag argument for Dataflow templates. </purpose></struct><struct name="default_tag"><inherit access="public">boost::dataflow::tag</inherit><purpose>The default Tag argument for Dataflow templates. </purpose></struct><struct name="is_tag"><template>
      <template-type-parameter name="T"/>
    </template><purpose>Boolean metafunction determining whether a type is a Tag. </purpose></struct><struct name="default_mechanism"><purpose>The default Mechanism argument for Dataflow templates. </purpose></struct><namespace name="args"><struct name="left"><purpose>Tag specifying the left direction in binary operations. </purpose></struct><struct name="right"><purpose>Tag specifying the right direction in binary operations. </purpose></struct></namespace><namespace name="operations"><struct name="connect"><purpose>Tag specifying the connect binary operation. </purpose></struct><struct name="connect_only"><purpose>Tag specifying the connect_only binary operation. </purpose></struct><struct name="disconnect"><purpose>Tag specifying the disconnect binary operation. </purpose></struct><struct name="extract"><purpose>Tag specifying the extract binary operation. </purpose></struct><struct name="disconnect_all"><purpose>Tag specifying the disconnect_all unary port operation. </purpose></struct></namespace><namespace name="ports"><struct name="producer"><purpose>producer PortCategory. </purpose><typedef name="complement"><purpose>complement PortCategory type. </purpose><type><classname>consumer</classname></type></typedef></struct><struct name="consumer"><purpose>consumer PortCategory. </purpose><typedef name="complement"><purpose>complement PortCategory type. </purpose><type><classname>producer</classname></type></typedef></struct></namespace></namespace></namespace></header><header name="boost/dataflow/support/traits.hpp"><namespace name="boost"><namespace name="dataflow"><struct name="traits"><template>
      <template-type-parameter name="Tag"/>
    </template><purpose>Convenience class for Traits types. </purpose><typedef name="tag"><purpose>The Tag of the port. </purpose><type>Tag</type></typedef><method-group name="public member functions"/></struct><struct name="is_traits"><template>
      <template-type-parameter name="Traits"/>
      <template-type-parameter name="Enable"><default>detail::enable_guard</default></template-type-parameter>
    </template><purpose>Boolean Metafunction determining whether a type is a Traits. </purpose><method-group name="public member functions"/></struct><struct name="traits_of"><template>
      <template-type-parameter name="T"/>
      <template-type-parameter name="Tag"><default>default_tag</default></template-type-parameter>
      <template-type-parameter name="Enable"><default>void</default></template-type-parameter>
    </template><purpose>Metafunction returning the Traits of a type. </purpose><typedef name="type"><purpose>Traits type. </purpose><type><emphasis>unspecified</emphasis></type></typedef></struct><struct name="register_traits"><template>
      <template-type-parameter name="T"/>
      <template-type-parameter name="Tag"><default>default_tag</default></template-type-parameter>
      <template-type-parameter name="Enable"><default>void</default></template-type-parameter>
    </template><purpose>Allows registration of Traits for all cv-qualified versions of a type. </purpose></struct><struct name="is_entity"><template>
      <template-type-parameter name="T"/>
      <template-type-parameter name="Tag"><default>default_tag</default></template-type-parameter>
      <template-type-parameter name="Enable"><default>void</default></template-type-parameter>
    </template><purpose>Boolean Metafunction determining whether a type has traits. </purpose><typedef name="value_type"><purpose>Integral Constant value type. </purpose><type>bool</type></typedef><typedef name="value"><purpose>true if T models Entity, false otherwise. </purpose><type><emphasis>unspecified</emphasis></type></typedef><typedef name="type"><purpose>Integral Constant. </purpose><type><emphasis>unspecified</emphasis></type></typedef></struct><struct name="port_traits"><template>
      <template-type-parameter name="PortCategory"/>
      <template-type-parameter name="Tag"><default>default_tag</default></template-type-parameter>
    </template><inherit access="public">boost::dataflow::traits&lt; Tag &gt;</inherit><purpose>Convenience class for PortTraits types. </purpose><typedef name="category"><purpose>The PortCategory of the port. </purpose><type>PortCategory</type></typedef><method-group name="public member functions"/></struct><struct name="is_port_traits"><template>
      <template-type-parameter name="PortTraits"/>
      <template-type-parameter name="Enable"><default>detail::enable_guard</default></template-type-parameter>
    </template><purpose>Boolean Metafunction determining whether a type is a PortTraits. </purpose><method-group name="public member functions"/></struct></namespace></namespace><macro name="DATAFLOW_TRAITS" kind="functionlike"><macro-parameter name="Type"/><macro-parameter name="Traits"/><purpose>Macro simplifying non-intrusive specification of a type's Traits. </purpose></macro><macro name="DATAFLOW_TRAITS_ENABLE_IF" kind="functionlike"><macro-parameter name="Type"/><macro-parameter name="Cond"/><macro-parameter name="Traits"/><description><para>Macro simplifying non-intrusive specification of multiple types' Traits, using a boost::enable_if condition. </para></description></macro></header><header name="boost/dataflow/support/port/traits.hpp"><namespace name="boost"><namespace name="dataflow"><struct name="traits"><template>
      <template-type-parameter name="Tag"/>
    </template><purpose>Convenience class for Traits types. </purpose><typedef name="tag"><purpose>The Tag of the port. </purpose><type>Tag</type></typedef><method-group name="public member functions"/></struct><struct name="is_traits"><template>
      <template-type-parameter name="Traits"/>
      <template-type-parameter name="Enable"><default>detail::enable_guard</default></template-type-parameter>
    </template><purpose>Boolean Metafunction determining whether a type is a Traits. </purpose><method-group name="public member functions"/></struct><struct name="traits_of"><template>
      <template-type-parameter name="T"/>
      <template-type-parameter name="Tag"><default>default_tag</default></template-type-parameter>
      <template-type-parameter name="Enable"><default>void</default></template-type-parameter>
    </template><purpose>Metafunction returning the Traits of a type. </purpose><typedef name="type"><purpose>Traits type. </purpose><type><emphasis>unspecified</emphasis></type></typedef></struct><struct name="register_traits"><template>
      <template-type-parameter name="T"/>
      <template-type-parameter name="Tag"><default>default_tag</default></template-type-parameter>
      <template-type-parameter name="Enable"><default>void</default></template-type-parameter>
    </template><purpose>Allows registration of Traits for all cv-qualified versions of a type. </purpose></struct><struct name="is_entity"><template>
      <template-type-parameter name="T"/>
      <template-type-parameter name="Tag"><default>default_tag</default></template-type-parameter>
      <template-type-parameter name="Enable"><default>void</default></template-type-parameter>
    </template><purpose>Boolean Metafunction determining whether a type has traits. </purpose><typedef name="value_type"><purpose>Integral Constant value type. </purpose><type>bool</type></typedef><typedef name="value"><purpose>true if T models Entity, false otherwise. </purpose><type><emphasis>unspecified</emphasis></type></typedef><typedef name="type"><purpose>Integral Constant. </purpose><type><emphasis>unspecified</emphasis></type></typedef></struct><struct name="port_traits"><template>
      <template-type-parameter name="PortCategory"/>
      <template-type-parameter name="Tag"><default>default_tag</default></template-type-parameter>
    </template><inherit access="public">boost::dataflow::traits&lt; Tag &gt;</inherit><purpose>Convenience class for PortTraits types. </purpose><typedef name="category"><purpose>The PortCategory of the port. </purpose><type>PortCategory</type></typedef><method-group name="public member functions"/></struct><struct name="is_port_traits"><template>
      <template-type-parameter name="PortTraits"/>
      <template-type-parameter name="Enable"><default>detail::enable_guard</default></template-type-parameter>
    </template><purpose>Boolean Metafunction determining whether a type is a PortTraits. </purpose><method-group name="public member functions"/></struct></namespace></namespace></header><header name="boost/dataflow/support/vector_port.hpp"><namespace name="boost"><namespace name="dataflow"><struct name="vector_port_traits"><template>
      <template-type-parameter name="PortCategory"/>
      <template-type-parameter name="PortSequence"/>
      <template-type-parameter name="Tag"><default>default_tag</default></template-type-parameter>
    </template><inherit access="public">boost::dataflow::port_traits&lt; PortCategory, Tag &gt;</inherit><purpose>Convenience class for VectorPortTraits types. </purpose><typedef name="ports"><purpose>MPL Seqence of Port types. </purpose><type>PortSequence</type></typedef><method-group name="public member functions"/></struct><struct name="is_vector_port_traits"><template>
      <template-type-parameter name="Traits"/>
      <template-type-parameter name="Enable"><default>detail::enable_guard</default></template-type-parameter>
    </template><purpose>Boolean Metafunction determining whether a type is a KeyedPortTraits. </purpose><method-group name="public member functions"/></struct><struct name="is_vector_port"><template>
      <template-type-parameter name="T"/>
      <template-type-parameter name="Tag"><default>default_tag</default></template-type-parameter>
      <template-type-parameter name="Enable"><default>void</default></template-type-parameter>
    </template><purpose>Boolean Metafunction determining whether a type is a VectorPort. </purpose><description><para>is_vector_port&lt;T, Tag&gt; is an Integral Constant of type bool. It evaluates to true if T models VectorPort, false otherwise. </para></description><typedef name="value_type"><purpose>Integral Constant value type. </purpose><type>bool</type></typedef><typedef name="value"><purpose>true if T models Port, false otherwise. </purpose><type><emphasis>unspecified</emphasis></type></typedef><typedef name="type"><purpose>Integral Constant. </purpose><type><emphasis>unspecified</emphasis></type></typedef></struct></namespace></namespace></header></library-reference>
