<?xml version="1.0" standalone="yes"?>
<library-reference><header name="boost/dataflow/signal/component/applicator.hpp"><macro name="SIGNAL_NETWORK_GENERIC_CLASS"/><macro name="SIGNAL_NETWORK_GENERIC_FILE"/><macro name="SIGNAL_NETWORK_GENERIC_TYPENAME"/><macro name="SIGNAL_NETWORK_GENERIC_MEMBERNAME"/><macro name="SIGNAL_NETWORK_GENERIC_TYPENAME2"/><macro name="SIGNAL_NETWORK_APPLICATOR_HPP"/></header><header name="boost/dataflow/signal/component/chain.hpp"><namespace name="boost"><namespace name="signals"><class name="chain"><template>
      <template-type-parameter name="Signature"/>
      <template-type-parameter name="T"/>
    </template><purpose>Connects a number of components of the same type in a chain. </purpose><description><para>
</para></description><method-group name="public member functions"/><constructor><parameter name="copies"><paramtype>size_t</paramtype></parameter><parameter name="component"><paramtype>T *</paramtype><default>NULL</default></parameter><description><para>Constructs a chain composed of instances of T. Constructs a chain composed of copies of component. </para></description></constructor></class></namespace></namespace></header><header name="boost/dataflow/signal/component/conditional.hpp"><macro name="SIGNAL_NETWORK_GENERIC_CLASS"/><macro name="SIGNAL_NETWORK_GENERIC_FILE"/><macro name="SIGNAL_NETWORK_GENERIC_TYPENAME"/><macro name="SIGNAL_NETWORK_GENERIC_MEMBERNAME"/><macro name="SIGNAL_NETWORK_GENERIC_TYPENAME2"/><macro name="SIGNAL_NETWORK_CONDITIONAL_HPP"/></header><header name="boost/dataflow/signal/component/conditional_modifier.hpp"><macro name="SIGNAL_NETWORK_GENERIC_CLASS"/><macro name="SIGNAL_NETWORK_GENERIC_FILE"/><macro name="SIGNAL_NETWORK_GENERIC_TYPENAME"/><macro name="SIGNAL_NETWORK_GENERIC_MEMBERNAME"/><macro name="SIGNAL_NETWORK_CONDITIONAL_MODIFIER_HPP"/></header><header name="boost/dataflow/signal/component/counter.hpp"><namespace name="boost"><namespace name="signals"><class name="counter"><template>
      <template-type-parameter name="Signature"/>
      <template-type-parameter name="OutSignal"><default>unfused</default></template-type-parameter>
      <template-type-parameter name="T"><default>volatile int</default></template-type-parameter>
      <template-type-parameter name="Combiner"><default>boost::last_value&lt;typename boost::function_types::result_type&lt;Signature&gt;::type&gt;</default></template-type-parameter>
      <template-type-parameter name="Group"><default>int</default></template-type-parameter>
      <template-type-parameter name="GroupCompare"><default>std::less&lt;Group&gt;</default></template-type-parameter>
    </template><purpose>Counts the number of signals passing through the component. counter is an applicator with a postincrement application and default member of type volatile int. </purpose><description><para>
</para></description><method-group name="public member functions"><method name="reset" cv=""><type>void</type><description><para>Sets the internal counter to 0. </para></description></method><method name="count" cv="const"><type>boost::remove_volatile&lt; T &gt;::type</type><description><para>
</para></description><returns><para>The internal signal counter. </para></returns></method></method-group><constructor><description><para>Initializes the internal counter to 0. </para></description></constructor></class></namespace></namespace></header><header name="boost/dataflow/signal/component/filter_base.hpp"><namespace name="boost"><namespace name="signals"><class name="filter_base"><template>
      <template-type-parameter name="Signal"/>
    </template><struct name="get_proxied_object"><method-group name="public member functions"><method name="operator()" cv=""><type>Signal &amp;</type><template>
          <template-type-parameter name="T"/>
        </template><parameter name="t"><paramtype>T &amp;</paramtype></parameter></method></method-group></struct><typedef name="port_traits"><type>boost::dataflow::signals::keyed_consumer</type></typedef><typedef name="proxy_port_traits"><type>boost::dataflow::mutable_proxy_port&lt; boost::dataflow::signals::mechanism, boost::dataflow::ports::producer, Signal, get_proxied_object &gt;</type></typedef></class></namespace></namespace><macro name="SIGNAL_NETWORK_TRACKABLE"/></header><header name="boost/dataflow/signal/component/function.hpp"><namespace name="boost"><namespace name="signals"><class name="function"><template>
      <template-type-parameter name="Signature"/>
      <template-type-parameter name="FunctionSignature"/>
      <template-type-parameter name="OutSignal"><default>unfused</default></template-type-parameter>
      <template-type-parameter name="Combiner"><default>boost::last_value&lt;void&gt;</default></template-type-parameter>
      <template-type-parameter name="Group"><default>int</default></template-type-parameter>
      <template-type-parameter name="GroupCompare"><default>std::less&lt;Group&gt;</default></template-type-parameter>
    </template><purpose>Converts a function into a [DataflowSignals] filter. </purpose><description><para>
The signals::function object will receive signals of signature void(function arguments), and send signals of signature void(function return type). </para></description><typedef name="base_type"><type><emphasis>unspecified</emphasis></type></typedef><method-group name="public member functions"/><constructor><parameter name="f"><paramtype>const boost::function&lt; FunctionSignature &gt; &amp;</paramtype></parameter></constructor></class></namespace></namespace></header><header name="boost/dataflow/signal/component/instantiator.hpp"><macro name="SIGNAL_NETWORK_GENERIC_CLASS"/><macro name="SIGNAL_NETWORK_GENERIC_FILE"/><macro name="SIGNAL_NETWORK_GENERIC_TYPENAME"/><macro name="SIGNAL_NETWORK_GENERIC_MEMBERNAME"/><macro name="SIGNAL_NETWORK_GENERIC_TYPENAME2"/><macro name="SIGNAL_NETWORK_GENERIC_STANDARD_RESULT"/><macro name="SIGNAL_NETWORK_INSTANTIATOR_HPP"/></header><header name="boost/dataflow/signal/component/junction.hpp"><namespace name="boost"><namespace name="signals"><class name="junction"><template>
      <template-type-parameter name="Signature"/>
      <template-type-parameter name="OutSignal"><default>unfused</default></template-type-parameter>
      <template-type-parameter name="Combiner"><default>boost::last_value&lt;typename boost::function_types::result_type&lt;Signature&gt;::type&gt;</default></template-type-parameter>
      <template-type-parameter name="Group"><default>int</default></template-type-parameter>
      <template-type-parameter name="GroupCompare"><default>std::less&lt;Group&gt;</default></template-type-parameter>
    </template><purpose>Forwards a single signal to multiple slots, and can also be disabled to stop the flow of signals. junction is a conditional with Condition identity and Member volatile bool. </purpose><method-group name="public member functions"><method name="enable" cv=""><type>void</type><description><para>Enables the junction (signals will be forwarded). </para></description></method><method name="disable" cv=""><type>void</type><description><para>Disables the junction (signals will not be forwarded). </para></description></method></method-group><constructor><parameter name="enabled"><paramtype>bool</paramtype><default>true</default></parameter><description><para>Initializes the junction to be enabled. </para></description></constructor></class></namespace></namespace></header><header name="boost/dataflow/signal/component/modifier.hpp"><macro name="SIGNAL_NETWORK_GENERIC_CLASS"/><macro name="SIGNAL_NETWORK_GENERIC_FILE"/><macro name="SIGNAL_NETWORK_GENERIC_TYPENAME"/><macro name="SIGNAL_NETWORK_GENERIC_MEMBERNAME"/><macro name="SIGNAL_NETWORK_GENERIC_STANDARD_RESULT"/><macro name="SIGNAL_NETWORK_MODIFIER_HPP"/></header><header name="boost/dataflow/signal/component/mutex.hpp"><namespace name="boost"><namespace name="signals"><class name="mutex"><template>
      <template-type-parameter name="Signature"/>
      <template-type-parameter name="OutSignal"><default>unfused</default></template-type-parameter>
      <template-type-parameter name="Combiner"><default>boost::last_value&lt;typename boost::function_types::result_type&lt;Signature&gt;::type&gt;</default></template-type-parameter>
      <template-type-parameter name="Group"><default>int</default></template-type-parameter>
      <template-type-parameter name="GroupCompare"><default>std::less&lt;Group&gt;</default></template-type-parameter>
    </template><purpose>Ensures a component is processing only one signal at a time when using multiple threads. </purpose></class></namespace></namespace></header><header name="boost/dataflow/signal/component/selector.hpp"/><header name="boost/dataflow/signal/component/socket_receiver.hpp"><namespace name="boost"><namespace name="signals"><class name="socket_receiver"><template>
      <template-type-parameter name="Signature"/>
      <template-type-parameter name="OutSignal"><default>unfused</default></template-type-parameter>
      <template-type-parameter name="Combiner"><default>boost::last_value&lt;typename boost::function_types::result_type&lt;Signature&gt;::type&gt;</default></template-type-parameter>
      <template-type-parameter name="Group"><default>int</default></template-type-parameter>
      <template-type-parameter name="GroupCompare"><default>std::less&lt;Group&gt;</default></template-type-parameter>
    </template><inherit access="public">boost::signals::storage&lt; Signature, OutSignal, Combiner, Group, GroupCompare &gt;</inherit><purpose>Receives serializable signals through a Boost.Asio socket. </purpose><description><para>
Todo<para>socket_sender only works for Signatures of return type void.</para></para></description><method-group name="public member functions"><method name="operator()" cv=""><type>void</type><purpose>Sets the receiver to wait for a packet and send its contents via the signal. </purpose></method></method-group><constructor><parameter name="socket"><paramtype>asio::ip::tcp::socket &amp;</paramtype></parameter><purpose>Initializes the socket_sender to use the provided socket. </purpose></constructor></class></namespace></namespace></header><header name="boost/dataflow/signal/component/socket_sender.hpp"><namespace name="boost"><namespace name="signals"><class name="socket_sender"><template>
      <template-type-parameter name="Signature"/>
    </template><inherit access="public">boost::dataflow::port&lt; boost::dataflow::signals::keyed_consumer &gt;</inherit><purpose>Sends serializable signals through a Boost asio socket. </purpose><description><para>
Todo<para>socket_sender only works for Signatures of return type void. </para></para></description><method-group name="public member functions"/><constructor><parameter name="socket"><paramtype>asio::ip::tcp::socket &amp;</paramtype></parameter></constructor></class></namespace></namespace></header><header name="boost/dataflow/signal/component/storage.hpp"><namespace name="boost"><namespace name="dataflow"><namespace name="extension"><struct-specialization name="component_operation_impl"><template>
    </template><specialization><template-arg>operations::invoke</template-arg><template-arg>boost::signals::storage_component_traits</template-arg></specialization><struct name="apply"><template>
      <template-type-parameter name="Invocable"/>
    </template><method-group name="public static functions"><method name="call" cv=""><type>static void</type><parameter name="invocable"><paramtype>Invocable &amp;</paramtype></parameter></method></method-group></struct></struct-specialization></namespace></namespace><namespace name="signals"><struct name="storage_component_traits"/><class name="storage_modifier"><template>
      <template-type-parameter name="Signature"/>
    </template><struct-specialization name="result"><template>
      <template-type-parameter name="S"/>
      <template-type-parameter name="T1"/>
    </template><specialization><template-arg>storage_modifier&lt; S &gt;(const T1 &amp;)</template-arg></specialization><typedef name="type"><type>boost::optional&lt; const T1 &amp; &gt;</type></typedef></struct-specialization><typedef name="parameter_types"><type>boost::function_types::parameter_types&lt; Signature &gt;::type</type></typedef><typedef name="storable_types"><type><emphasis>unspecified</emphasis></type></typedef><typedef name="storable_vector"><type>boost::fusion::result_of::as_vector&lt; storable_types &gt;::type</type></typedef><method-group name="public member functions"><method name="stored_vector" cv=""><type>const storable_vector &amp;</type></method><method name="open" cv=""><type>void</type></method><method name="close" cv=""><type>void</type></method></method-group><constructor><parameter name="opened"><paramtype>bool</paramtype><default>true</default></parameter></constructor><constructor><template>
          <template-type-parameter name="Seq"/>
        </template><parameter name="seq"><paramtype>const Seq &amp;</paramtype></parameter><parameter name="opened"><paramtype>bool</paramtype><default>true</default></parameter></constructor></class><class name="storage"><template>
      <template-type-parameter name="Signature"/>
      <template-type-parameter name="OutSignal"><default>unfused</default></template-type-parameter>
      <template-type-parameter name="Combiner"><default>boost::last_value&lt;typename boost::function_traits&lt;Signature&gt;::result_type&gt;</default></template-type-parameter>
      <template-type-parameter name="Group"><default>int</default></template-type-parameter>
      <template-type-parameter name="GroupCompare"><default>std::less&lt;Group&gt;</default></template-type-parameter>
    </template><purpose>Stores and transmits arguments received from a signal. </purpose><description><para>
</para></description><typedef name="parameter_types"><type>storage_modifier&lt; Signature &gt;::parameter_types</type></typedef><typedef name="storable_types"><type>storage_modifier&lt; Signature &gt;::storable_types</type></typedef><typedef name="storable_vector"><type>storage_modifier&lt; Signature &gt;::storable_vector</type></typedef><typedef name="component_traits"><type>storage_component_traits</type></typedef><typedef name="send_map"><type>boost::fusion::map&lt; boost::fusion::pair&lt; boost::dataflow::signals::producer&lt; void()&gt;, <classname>slot_selector</classname>&lt; void(), <classname>storage</classname> &gt; &gt;, boost::fusion::pair&lt; boost::dataflow::signals::producer&lt; void(const boost::fusion::vector&lt;&gt; &amp;)&gt;, <classname>slot_selector</classname>&lt; void(const boost::fusion::vector&lt;&gt; &amp;), <classname>storage</classname> &gt; &gt; &gt;</type></typedef><method-group name="public member functions"><method name="open" cv=""><type>void</type></method><method name="close" cv=""><type>void</type></method><method name="send" cv=""><type>base_type::signal_type::result_type</type><description><para>Sends a signal containing the stored parameter values. 
</para></description><returns><para>Return value of the sent signal. </para></returns></method><method name="send" cv=""><type>base_type::signal_type::result_type</type><parameter name=""><paramtype>const boost::fusion::vector&lt;&gt; &amp;</paramtype></parameter><description><para>Sends a signal containing the stored parameter values. 
</para></description><returns><para>Return value of the sent signal. </para></returns></method><method name="stored_vector" cv=""><type>const storable_vector &amp;</type><description><para>
</para></description><returns><para>A reference to the fusion vector of stored parameter values. </para></returns></method><method name="at" cv=""><type>boost::fusion::result_of::at_c&lt; storable_vector, N &gt;::type</type><template>
          <template-nontype-parameter name="N"><type>int</type></template-nontype-parameter>
        </template><description><para>
</para></description><returns><para>The stored value of parameter N using an optimizing cast. </para></returns></method><method name="value_at" cv=""><type>boost::mpl::at_c&lt; parameter_types, N &gt;::type</type><template>
          <template-nontype-parameter name="N"><type>int</type></template-nontype-parameter>
        </template><description><para>
</para></description><returns><para>The stored value of parameter N typed exactly as it appears in the Signature. </para></returns></method><method name="send_slot" cv=""><type>boost::dataflow::port_map&lt; boost::dataflow::signals::mechanism, boost::dataflow::ports::consumer, send_map &gt;</type></method><method name="at_slot" cv=""><type><classname>slot_selector</classname></type><template>
          <template-nontype-parameter name="N"><type>int</type></template-nontype-parameter>
        </template><description><para>
</para></description><returns><para>The slot selector for the related at function. </para></returns></method><method name="value_at_slot" cv=""><type><classname>slot_selector</classname></type><template>
          <template-nontype-parameter name="N"><type>int</type></template-nontype-parameter>
        </template><description><para>
</para></description><returns><para>The slot selector for the value_at function. </para></returns></method></method-group><constructor><template>
          <template-type-parameter name="Seq"/>
        </template><parameter name="seq"><paramtype>const Seq &amp;</paramtype><description><para>Sequence from which the stored parameter sequence is initialized from. </para></description></parameter><description><para>Initializes the stored parameter values using the provided sequence. 
</para></description></constructor><constructor><description><para>Initializes the stored parameter values using its default constructor. </para></description></constructor><method-group name="protected member functions"><method name="stored" cv=""><type>storable_vector &amp;</type></method></method-group></class></namespace></namespace></header><header name="boost/dataflow/signal/component/timed_generator.hpp"><namespace name="boost"><namespace name="signals"><class name="timed_generator"><template>
      <template-type-parameter name="Signature"/>
      <template-type-parameter name="OutSignal"><default>unfused</default></template-type-parameter>
      <template-type-parameter name="Combiner"><default>boost::last_value&lt;typename boost::function_traits&lt;Signature&gt;::result_type&gt;</default></template-type-parameter>
      <template-type-parameter name="Group"><default>int</default></template-type-parameter>
      <template-type-parameter name="GroupCompare"><default>std::less&lt;Group&gt;</default></template-type-parameter>
    </template><inherit access="public">boost::signals::storage&lt; Signature, OutSignal, Combiner, Group, GroupCompare &gt;</inherit><purpose>Creates its own thread and periodically sends a signal with the stored value. </purpose><description><para>
</para></description><method-group name="public member functions"><method name="enable" cv=""><type>void</type><parameter name="interval"><paramtype>double</paramtype><description><para>Sets the time interval (in seconds) at which the signal is sent. </para></description></parameter><parameter name="signal_count"><paramtype>unsigned</paramtype><default>0</default><description><para>The signal will be sent signal_count times, or indefinitelly if signal_count==0. </para></description></parameter><purpose>Sets the object to send the stored value at specified time intervals. </purpose><description><para>
</para></description></method><method name="disable" cv=""><type>void</type><purpose>Stops the sending of signals and suspends the thread. </purpose></method><method name="join" cv=""><type>void</type><purpose>Forces the thread to terminate. </purpose></method></method-group><constructor><purpose>Default constructor. Starts the thread, but signals won't be sent until the enable() function is called. </purpose></constructor><constructor><template>
          <template-type-parameter name="T"/>
        </template><parameter name="t"><paramtype>const T &amp;</paramtype></parameter><purpose>Forwarding constructor for underlying storage. </purpose></constructor><destructor><purpose>The thread should be joined by the time the destructor is called. </purpose></destructor><method-group name="private member functions"><method name="thread_function" cv=""><type>void</type></method></method-group></class></namespace></namespace></header><header name="boost/dataflow/signal/connection.hpp"/><header name="boost/dataflow/signal/connection/operators.hpp"><namespace name="boost"><namespace name="signals"><function name="operator&gt;&gt;="><type>boost::enable_if&lt; boost::mpl::and_&lt; <classname>boost::dataflow::is_port</classname>&lt; boost::dataflow::signals::mechanism, boost::dataflow::ports::producer, Input &gt;, <classname>boost::dataflow::is_port</classname>&lt; boost::dataflow::signals::mechanism, boost::dataflow::ports::consumer, Output &gt; &gt;, Input &amp; &gt;::type</type><template>
          <template-type-parameter name="Input"/>
          <template-type-parameter name="Output"/>
        </template><parameter name="input"><paramtype>Input &amp;</paramtype></parameter><parameter name="output"><paramtype>Output &amp;</paramtype></parameter><purpose>Connects two components (typically as a part of a chain of components). </purpose><description><para>This operator is identical to signals::operator| (it connects the left component to the right component, and returns a reference to the left component), except it is evaluated right to left. This makes it semantics more suitable for connecting a chain of components. </para></description></function><function name="operator&gt;&gt;="><type>boost::enable_if&lt; boost::mpl::and_&lt; <classname>boost::dataflow::is_port</classname>&lt; boost::dataflow::signals::mechanism, boost::dataflow::ports::producer, Input &gt;, <classname>boost::dataflow::is_port</classname>&lt; boost::dataflow::signals::mechanism, boost::dataflow::ports::consumer, Output &gt; &gt;, Input &amp; &gt;::type</type><template>
          <template-type-parameter name="Input"/>
          <template-type-parameter name="Output"/>
        </template><parameter name="input"><paramtype>Input &amp;</paramtype></parameter><parameter name="output"><paramtype>const Output &amp;</paramtype></parameter></function><function name="operator&gt;&gt;="><type>boost::enable_if&lt; boost::mpl::and_&lt; <classname>boost::dataflow::is_port</classname>&lt; boost::dataflow::signals::mechanism, boost::dataflow::ports::producer, Input &gt;, <classname>boost::dataflow::is_port</classname>&lt; boost::dataflow::signals::mechanism, boost::dataflow::ports::consumer, Output &gt; &gt;, const Input &amp; &gt;::type</type><template>
          <template-type-parameter name="Input"/>
          <template-type-parameter name="Output"/>
        </template><parameter name="input"><paramtype>const Input &amp;</paramtype></parameter><parameter name="output"><paramtype>Output &amp;</paramtype></parameter></function><function name="operator&gt;&gt;="><type>boost::enable_if&lt; boost::mpl::and_&lt; <classname>boost::dataflow::is_port</classname>&lt; boost::dataflow::signals::mechanism, boost::dataflow::ports::producer, Input &gt;, <classname>boost::dataflow::is_port</classname>&lt; boost::dataflow::signals::mechanism, boost::dataflow::ports::consumer, Output &gt; &gt;, const Input &amp; &gt;::type</type><template>
          <template-type-parameter name="Input"/>
          <template-type-parameter name="Output"/>
        </template><parameter name="input"><paramtype>const Input &amp;</paramtype></parameter><parameter name="output"><paramtype>const Output &amp;</paramtype></parameter></function><function name="operator|"><type>boost::enable_if&lt; boost::mpl::and_&lt; <classname>boost::dataflow::is_port</classname>&lt; boost::dataflow::signals::mechanism, boost::dataflow::ports::producer, Input &gt;, <classname>boost::dataflow::is_port</classname>&lt; boost::dataflow::signals::mechanism, boost::dataflow::ports::consumer, Output &gt; &gt;, Input &amp; &gt;::type</type><template>
          <template-type-parameter name="Input"/>
          <template-type-parameter name="Output"/>
        </template><parameter name="input"><paramtype>Input &amp;</paramtype></parameter><parameter name="output"><paramtype>Output &amp;</paramtype></parameter><purpose>Connects two components (typically as a part of branching from a single component). </purpose><description><para>This operator is identical to signals::operator&gt;&gt;=, (it connects the left component to the right component, and returns a reference to the left component) except it is evaluated left to right. This makes its semantics more suitable for branching connections. </para></description></function><function name="operator|"><type>boost::enable_if&lt; boost::mpl::and_&lt; <classname>boost::dataflow::is_port</classname>&lt; boost::dataflow::signals::mechanism, boost::dataflow::ports::producer, Input &gt;, <classname>boost::dataflow::is_port</classname>&lt; boost::dataflow::signals::mechanism, boost::dataflow::ports::consumer, Output &gt; &gt;, Input &amp; &gt;::type</type><template>
          <template-type-parameter name="Input"/>
          <template-type-parameter name="Output"/>
        </template><parameter name="input"><paramtype>Input &amp;</paramtype></parameter><parameter name="output"><paramtype>const Output &amp;</paramtype></parameter></function></namespace></namespace></header><header name="boost/dataflow/signal/connection/slot_selector.hpp"><namespace name="boost"><namespace name="dataflow"><namespace name="extension"><struct-specialization name="get_keyed_port_impl"><template>
      <template-type-parameter name="Signature"/>
    </template><specialization><template-arg>signals::slot_selector_consumer</template-arg><template-arg>signals::producer&lt; Signature &gt;</template-arg></specialization><struct name="apply"><template>
      <template-type-parameter name="Consumer"/>
      <template-type-parameter name="Producer"/>
    </template><typedef name="type"><type>const boost::function&lt; Signature &gt;</type></typedef><method-group name="public static functions"><method name="call" cv=""><type>static type</type><parameter name="consumer"><paramtype>Consumer &amp;</paramtype></parameter><parameter name=""><paramtype>Producer &amp;</paramtype></parameter></method></method-group></struct></struct-specialization></namespace><namespace name="signals"><struct name="slot_selector_consumer"><inherit access="public">boost::dataflow::port_traits&lt; mechanism, ports::consumer, concepts::keyed_port &gt;</inherit></struct></namespace></namespace><namespace name="signals"><struct name="slot_selector"><template>
      <template-type-parameter name="Signature"/>
      <template-type-parameter name="T"/>
    </template><purpose>Reference to a class instance and pointer to a class member function. </purpose><struct name="get_proxied_object"><method-group name="public member functions"><method name="operator()" cv=""><type>T &amp;</type><parameter name="t"><paramtype>const <classname>slot_selector</classname>&lt; Signature, T &gt; &amp;</paramtype></parameter></method></method-group></struct><typedef name="port_traits"><type>boost::dataflow::signals::slot_selector_consumer</type></typedef><typedef name="proxy_port_traits"><type>boost::dataflow::mutable_proxy_port&lt; boost::dataflow::signals::mechanism, boost::dataflow::ports::producer, T, get_proxied_object &gt;</type></typedef><typedef name="signature_type"><type>Signature</type></typedef><typedef name="class_type"><type>T</type></typedef><data-member name="object"><type>T &amp;</type></data-member><data-member name="func"><type><emphasis>unspecified</emphasis></type></data-member><method-group name="public member functions"/><constructor><parameter name="func"><paramtype><emphasis>unspecified</emphasis></paramtype></parameter><parameter name="object"><paramtype>T &amp;</paramtype></parameter></constructor></struct><function name="make_slot_selector"><type><classname>slot_selector</classname>&lt; Signature, T &gt;</type><template>
          <template-type-parameter name="Signature"/>
          <template-type-parameter name="T"/>
        </template><parameter name="func"><paramtype><emphasis>unspecified</emphasis></paramtype></parameter><parameter name="object"><paramtype>T &amp;</paramtype></parameter><purpose>Allows arbitrary member functions to serve as slots. </purpose></function></namespace></namespace></header><header name="boost/dataflow/support.hpp"/><header name="boost/dataflow/signal/support.hpp"><namespace name="boost"><namespace name="dataflow"><namespace name="extension"><struct-specialization name="get_keyed_port_impl"><template>
      <template-type-parameter name="Signature"/>
    </template><specialization><template-arg>signals::keyed_consumer</template-arg><template-arg>signals::producer&lt; Signature &gt;</template-arg></specialization><struct name="apply"><template>
      <template-type-parameter name="ConsumerPort"/>
      <template-type-parameter name="ProducerPort"/>
    </template><typedef name="type"><type>const boost::function&lt; Signature &gt;</type></typedef><method-group name="public static functions"><method name="call" cv=""><type>static type</type><parameter name="consumer"><paramtype>ConsumerPort &amp;</paramtype></parameter><parameter name=""><paramtype>ProducerPort &amp;</paramtype></parameter></method></method-group></struct></struct-specialization><struct-specialization name="binary_operation_impl"><template>
      <template-type-parameter name="T"/>
    </template><specialization><template-arg>operations::connect</template-arg><template-arg>signals::producer&lt; T &gt;</template-arg><template-arg>signals::consumer&lt; T &gt;</template-arg></specialization><struct name="apply"><template>
      <template-type-parameter name="Producer"/>
      <template-type-parameter name="Consumer"/>
    </template><method-group name="public static functions"><method name="call" cv=""><type>static void</type><parameter name="producer"><paramtype>Producer &amp;</paramtype></parameter><parameter name="consumer"><paramtype>Consumer &amp;</paramtype></parameter></method></method-group></struct></struct-specialization></namespace><namespace name="signals"><struct name="producer"><template>
      <template-type-parameter name="T"/>
    </template><inherit access="public">boost::dataflow::port_traits&lt; mechanism, ports::producer, concepts::port &gt;</inherit><typedef name="produced_signature_type"><type>T</type></typedef></struct><struct name="keyed_consumer"><inherit access="public">boost::dataflow::port_traits&lt; mechanism, ports::consumer, concepts::keyed_port &gt;</inherit></struct><struct name="consumer"><template>
      <template-type-parameter name="T"/>
    </template><inherit access="public">boost::dataflow::port_traits&lt; mechanism, ports::consumer, concepts::port &gt;</inherit><typedef name="consumed_signature_type"><type>T</type></typedef></struct></namespace></namespace><namespace name="signals"><function name="connect"><type>void</type><template>
          <template-type-parameter name="Producer"/>
          <template-type-parameter name="Consumer"/>
        </template><parameter name="producer"><paramtype>Producer &amp;</paramtype></parameter><parameter name="consumer"><paramtype>Consumer &amp;</paramtype></parameter></function><function name="connect"><type>void</type><template>
          <template-type-parameter name="Producer"/>
          <template-type-parameter name="Consumer"/>
        </template><parameter name="producer"><paramtype>Producer &amp;</paramtype></parameter><parameter name="consumer"><paramtype>const Consumer &amp;</paramtype></parameter></function><function name="connect"><type>void</type><template>
          <template-type-parameter name="Producer"/>
          <template-type-parameter name="Consumer"/>
        </template><parameter name="producer"><paramtype>const Producer &amp;</paramtype></parameter><parameter name="consumer"><paramtype>Consumer &amp;</paramtype></parameter></function><function name="connect"><type>void</type><template>
          <template-type-parameter name="Producer"/>
          <template-type-parameter name="Consumer"/>
        </template><parameter name="producer"><paramtype>const Producer &amp;</paramtype></parameter><parameter name="consumer"><paramtype>const Consumer &amp;</paramtype></parameter></function><function name="invoke"><type>void</type><template>
          <template-type-parameter name="Component"/>
        </template><parameter name="component"><paramtype>Component &amp;</paramtype></parameter></function></namespace></namespace></header><header name="boost/dataflow/support/binary_operation.hpp"><namespace name="boost"><namespace name="dataflow"><namespace name="extension"><struct name="binary_operation_impl"><template>
      <template-type-parameter name="Operation"/>
      <template-type-parameter name="ProducerTag"/>
      <template-type-parameter name="ConsumerTag"/>
      <template-type-parameter name="Enable"><default>void</default></template-type-parameter>
    </template><struct name="apply"><template>
      <template-type-parameter name="Producer"/>
      <template-type-parameter name="Consumer"/>
    </template><method-group name="public static functions"><method name="call" cv=""><type>static void</type><parameter name=""><paramtype>Producer &amp;</paramtype></parameter><parameter name=""><paramtype>Consumer &amp;</paramtype></parameter></method></method-group></struct></struct></namespace><namespace name="operations"/><function name="binary_operation"><type>void</type><template>
          <template-type-parameter name="Operation"/>
          <template-type-parameter name="Mechanism"/>
          <template-type-parameter name="Producer"/>
          <template-type-parameter name="Consumer"/>
        </template><parameter name="producer"><paramtype>Producer &amp;</paramtype></parameter><parameter name="consumer"><paramtype>Consumer &amp;</paramtype></parameter></function></namespace></namespace></header><header name="boost/dataflow/support/common.hpp"><namespace name="boost"><namespace name="dataflow"><namespace name="connections"/></namespace></namespace></header><header name="boost/dataflow/support/component.hpp"><namespace name="boost"><namespace name="dataflow"><struct name="component_traits"><template>
      <template-type-parameter name="Mechanism"/>
    </template><typedef name="mechanism"><type>Mechanism</type></typedef></struct><struct name="is_component_traits"><template>
      <template-type-parameter name="ComponentTraits"/>
      <template-type-parameter name="Enable"><default>void</default></template-type-parameter>
    </template><purpose>Boolean metafunction determining whether a type is a ComponentTraits. </purpose></struct><struct name="component_traits_of"><template>
      <template-type-parameter name="Mechanism"/>
      <template-type-parameter name="T"/>
      <template-type-parameter name="Enable"><default>void</default></template-type-parameter>
    </template><purpose>Metafunction returning the ComponentTraits of a type. </purpose></struct><struct-specialization name="is_component_traits"><template>
      <template-type-parameter name="ComponentTraits"/>
    </template><specialization><template-arg>ComponentTraits</template-arg><template-arg>typename detail::enable_if_defined&lt; typename ComponentTraits::mechanism &gt;::type</template-arg></specialization></struct-specialization><struct-specialization name="component_traits_of"><template>
      <template-type-parameter name="Mechanism"/>
      <template-type-parameter name="T"/>
    </template><specialization><template-arg>Mechanism</template-arg><template-arg>T</template-arg><template-arg>typename enable_if&lt; is_same&lt; Mechanism</template-arg><template-arg>typename T::component_traits::mechanism &gt; &gt;::type</template-arg></specialization><purpose>Specialization allowing intrusive specification of the ComponentTraits. </purpose><typedef name="type"><type>T::component_traits</type></typedef><method-group name="public member functions"><method name="BOOST_MPL_ASSERT" cv=""><type/><parameter name=""><paramtype>(<classname>is_component_traits</classname>&lt; type &gt;)</paramtype></parameter></method></method-group></struct-specialization></namespace></namespace></header><header name="boost/dataflow/support/component_operation.hpp"><namespace name="boost"><namespace name="dataflow"><struct name="implements_component_operation"><template>
      <template-type-parameter name="Operation"/>
      <template-type-parameter name="Mechanism"/>
      <template-type-parameter name="T"/>
      <template-type-parameter name="Enable"><default>void</default></template-type-parameter>
    </template></struct><struct-specialization name="implements_component_operation"><template>
      <template-type-parameter name="Operation"/>
      <template-type-parameter name="Mechanism"/>
      <template-type-parameter name="Component"/>
      <template-type-parameter name="T"/>
    </template><specialization><template-arg>Operation</template-arg><template-arg>Mechanism</template-arg><template-arg>T</template-arg><template-arg>typename detail::enable_if_defined&lt; typename extension::component_operation_impl&lt; Operation</template-arg><template-arg>typename component_traits_of&lt; Mechanism</template-arg><template-arg>Component &gt;::type &gt;::template apply&lt; Component &gt;::detail::not_specialized &gt;::type</template-arg></specialization></struct-specialization><namespace name="extension"><struct name="component_operation_impl"><template>
      <template-type-parameter name="Operation"/>
      <template-type-parameter name="ComponentTraits"/>
      <template-type-parameter name="Enable"><default>void</default></template-type-parameter>
    </template><struct name="apply"><template>
      <template-type-parameter name="Component"/>
    </template><struct name="detail"><typedef name="not_specialized"><type>void</type></typedef></struct><method-group name="public static functions"><method name="call" cv=""><type>static void</type><parameter name=""><paramtype>Component &amp;</paramtype></parameter></method></method-group></struct></struct></namespace><namespace name="operations"/><function name="component_operation"><type>void</type><template>
          <template-type-parameter name="Operation"/>
          <template-type-parameter name="Mechanism"/>
          <template-type-parameter name="Component"/>
        </template><parameter name="producer"><paramtype>Component &amp;</paramtype></parameter></function></namespace></namespace></header><header name="boost/dataflow/support/filter.hpp"><namespace name="boost"><namespace name="dataflow"><struct name="filter_category_of"><template>
      <template-type-parameter name="Mechanism"/>
      <template-type-parameter name="T"/>
      <template-type-parameter name="Enable"><default>void</default></template-type-parameter>
    </template></struct><struct-specialization name="producer_category_of"><template>
      <template-type-parameter name="Mechanism"/>
      <template-type-parameter name="T"/>
    </template><specialization><template-arg>Mechanism</template-arg><template-arg>T</template-arg><template-arg>typename detail::enable_if_defined&lt; typename filter_category_of&lt; Mechanism</template-arg><template-arg>T &gt;::type &gt;::type</template-arg></specialization><typedef name="type"><type>filter_category_of&lt; Mechanism, T &gt;::type</type></typedef></struct-specialization><struct-specialization name="consumer_category_of"><template>
      <template-type-parameter name="Mechanism"/>
      <template-type-parameter name="T"/>
    </template><specialization><template-arg>Mechanism</template-arg><template-arg>T</template-arg><template-arg>typename detail::enable_if_defined&lt; typename filter_category_of&lt; Mechanism</template-arg><template-arg>T &gt;::type &gt;::type</template-arg></specialization><typedef name="type"><type>filter_category_of&lt; Mechanism, T &gt;::type</type></typedef></struct-specialization><struct-specialization name="filter_category_of"><template>
      <template-type-parameter name="Mechanism"/>
      <template-type-parameter name="T"/>
    </template><specialization><template-arg>Mechanism</template-arg><template-arg>T</template-arg><template-arg>typename detail::enable_if_defined&lt; typename T::template dataflow&lt; Mechanism &gt;::filter_category &gt;::type</template-arg></specialization><typedef name="type"><type>T::template dataflow&lt; Mechanism &gt;::filter_category</type></typedef></struct-specialization></namespace></namespace><macro name="DATAFLOW_FILTER_CATEGORY" kind="functionlike"><macro-parameter name="m"/><macro-parameter name="p"/><macro-parameter name="pc"/></macro><macro name="DATAFLOW_FILTER_CATEGORY_ENABLE_IF" kind="functionlike"><macro-parameter name="m"/><macro-parameter name="P"/><macro-parameter name="Cond"/><macro-parameter name="pc"/></macro></header><header name="boost/dataflow/signal/component/filter.hpp"><namespace name="boost"><namespace name="signals"><struct name="combined"><purpose>Used for specification of the filter class using an internal fused adaptor for an unfused output signal. </purpose></struct><struct name="unfused"><purpose>Used to specify unfused versions of provided components. For the filter class, this means the filter will use an unfused output signal only,. </purpose><typedef name="filter_type"><type><classname>combined</classname></type></typedef></struct><struct name="fused"><purpose>Used to specify unfused versions of provided components. For the filter class, this means the filter will use a fused output signal only. </purpose><typedef name="filter_type"><type><classname>fused</classname></type></typedef></struct><class-specialization name="filter"><template>
      <template-type-parameter name="Signature"/>
      <template-type-parameter name="Combiner"/>
      <template-type-parameter name="Group"/>
      <template-type-parameter name="GroupCompare"/>
    </template><specialization><template-arg>Signature</template-arg><template-arg>unfused</template-arg><template-arg>Combiner</template-arg><template-arg>Group</template-arg><template-arg>GroupCompare</template-arg></specialization><purpose>Unfused version of the filter class. </purpose><typedef name="signal_type"><type>boost::signal&lt; Signature, Combiner, Group, GroupCompare &gt;</type></typedef><typedef name="signature_type"><type>Signature</type></typedef><method-group name="public member functions"><method name="filter" cv=""><type/><parameter name=""><paramtype>const filter &amp;</paramtype></parameter></method><method name="filter" cv=""><type/></method><method name="get_proxied_producer" cv="const"><type>signal_type &amp;</type><purpose>Returns the default out signal. </purpose></method><method name="disconnect_all_slots" cv=""><type>void</type><purpose>Disconnects all slots connected to the signals::filter. </purpose></method></method-group><copy-assignment><parameter name=""><paramtype>const filter &amp;</paramtype></parameter></copy-assignment></class-specialization><class-specialization name="filter"><template>
      <template-type-parameter name="Signature"/>
      <template-type-parameter name="Combiner"/>
      <template-type-parameter name="Group"/>
      <template-type-parameter name="GroupCompare"/>
    </template><specialization><template-arg>Signature</template-arg><template-arg>combined</template-arg><template-arg>Combiner</template-arg><template-arg>Group</template-arg><template-arg>GroupCompare</template-arg></specialization><inherit access="public">boost::signals::filter&lt; Signature, unfused, Combiner, Group, GroupCompare &gt;</inherit><purpose>Combined version of the filter class. </purpose><typedef name="signature_type"><type>base_type::signature_type</type></typedef><typedef name="signal_type"><type>base_type::signal_type</type></typedef><typedef name="parameter_types"><type>boost::function_types::parameter_types&lt; Signature &gt;::type</type></typedef><typedef name="parameter_vector"><type>boost::fusion::result_of::as_vector&lt; parameter_types &gt;::type</type></typedef><typedef name="fused_signature_type"><type>signal_type::result_type</type></typedef><method-group name="public member functions"><method name="filter" cv=""><type/></method></method-group></class-specialization><class-specialization name="filter"><template>
      <template-type-parameter name="Signature"/>
      <template-type-parameter name="Combiner"/>
      <template-type-parameter name="Group"/>
      <template-type-parameter name="GroupCompare"/>
    </template><specialization><template-arg>Signature</template-arg><template-arg>fused</template-arg><template-arg>Combiner</template-arg><template-arg>Group</template-arg><template-arg>GroupCompare</template-arg></specialization><purpose>Fused version of the filter class. </purpose><typedef name="parameter_types"><type>boost::function_types::parameter_types&lt; Signature &gt;::type</type></typedef><typedef name="parameter_vector"><type>boost::fusion::result_of::as_vector&lt; parameter_types &gt;::type</type></typedef><typedef name="signature_type"><type>Combiner::result_type</type></typedef><typedef name="fused_signature_type"><type>Combiner::result_type</type></typedef><typedef name="signal_type"><type>boost::signal&lt; signature_type, Combiner, Group, GroupCompare &gt;</type></typedef><typedef name="proxy_producer_for"><type>signal_type</type></typedef><method-group name="public member functions"><method name="filter" cv=""><type/><parameter name=""><paramtype>const filter &amp;</paramtype></parameter></method><method name="filter" cv=""><type/></method><method name="get_proxied_producer" cv="const"><type>proxy_producer_for &amp;</type><purpose>Returns the default out signal. </purpose></method><method name="disconnect_all_slots" cv=""><type>void</type><purpose>Disconnects all slots connected to the signals::filter. </purpose></method></method-group><copy-assignment><parameter name=""><paramtype>const filter &amp;</paramtype></parameter></copy-assignment></class-specialization></namespace></namespace><macro name="SIGNAL_NETWORK_DEFAULT_OUT"/></header><header name="boost/dataflow/support/invocable.hpp"><namespace name="boost"><namespace name="dataflow"><struct name="is_invocable"><template>
      <template-type-parameter name="T"/>
      <template-type-parameter name="Enable"><default>void</default></template-type-parameter>
    </template></struct><struct-specialization name="is_invocable"><template>
      <template-type-parameter name="T"/>
    </template><specialization><template-arg>T</template-arg><template-arg>typename detail::enable_if_defined&lt; invocable_category_of&lt; T &gt; &gt;::type</template-arg></specialization></struct-specialization><struct-specialization name="invocable_category_of"><template>
      <template-type-parameter name="T"/>
    </template><specialization><template-arg>T</template-arg><template-arg>typename detail::enable_if_defined&lt; typename T::invocable_category &gt;::type</template-arg></specialization><typedef name="type"><type>T::invocable_category</type></typedef></struct-specialization><namespace name="extension"><struct name="invoke_impl"><template>
      <template-type-parameter name="InvocableTag"/>
      <template-type-parameter name="Enable"><default>void</default></template-type-parameter>
    </template><struct name="apply"><template>
      <template-type-parameter name="Invocable"/>
    </template><method-group name="public static functions"><method name="call" cv=""><type>static void</type><parameter name=""><paramtype>Invocable &amp;</paramtype></parameter></method></method-group></struct></struct><struct-specialization name="invoke_impl"><template>
    </template><specialization><template-arg>boost::dataflow::functor_invocable</template-arg></specialization><struct name="apply"><template>
      <template-type-parameter name="Invocable"/>
    </template><method-group name="public static functions"><method name="call" cv=""><type>static void</type><parameter name="invocable"><paramtype>Invocable &amp;</paramtype></parameter></method></method-group></struct></struct-specialization></namespace><function name="invoke"><type>boost::enable_if&lt; is_invocable&lt; Invocable &gt; &gt;::type</type><template>
          <template-type-parameter name="Invocable"/>
        </template><parameter name="invocable"><paramtype>Invocable &amp;</paramtype></parameter></function><function name="invoke"><type>boost::enable_if&lt; is_invocable&lt; Invocable &gt; &gt;::type</type><template>
          <template-type-parameter name="Invocable"/>
        </template><parameter name="invocable"><paramtype>const Invocable &amp;</paramtype></parameter></function></namespace></namespace></header><header name="boost/dataflow/support/keyed_port.hpp"><namespace name="boost"><namespace name="dataflow"><namespace name="concepts"/><namespace name="extension"><struct name="get_keyed_port_impl"><template>
      <template-type-parameter name="KeyedPortTag"/>
      <template-type-parameter name="KeyPortTag"/>
    </template><struct name="apply"><template>
      <template-type-parameter name="KeyedPort"/>
      <template-type-parameter name="Key"/>
    </template><typedef name="type"><type>void</type></typedef><method-group name="public static functions"><method name="call" cv=""><type>static void</type><parameter name=""><paramtype>KeyedPort &amp;</paramtype></parameter><parameter name=""><paramtype>Key &amp;</paramtype></parameter></method></method-group></struct></struct><struct-specialization name="binary_operation_impl"><template>
      <template-type-parameter name="Operation"/>
      <template-type-parameter name="ProducerTag"/>
      <template-type-parameter name="ConsumerTag"/>
    </template><specialization><template-arg>Operation</template-arg><template-arg>ProducerTag</template-arg><template-arg>ConsumerTag</template-arg><template-arg>typename enable_if&lt; boost::is_same&lt; typename ProducerTag::concept</template-arg><template-arg>concepts::keyed_port &gt; &gt;::type</template-arg></specialization><struct name="apply"><template>
      <template-type-parameter name="Producer"/>
      <template-type-parameter name="Consumer"/>
    </template><method-group name="public static functions"><method name="call" cv=""><type>static void</type><parameter name="producer"><paramtype>Producer &amp;</paramtype></parameter><parameter name="consumer"><paramtype>Consumer &amp;</paramtype></parameter></method></method-group></struct></struct-specialization><struct-specialization name="binary_operation_impl"><template>
      <template-type-parameter name="Operation"/>
      <template-type-parameter name="ProducerTag"/>
      <template-type-parameter name="ConsumerTag"/>
    </template><specialization><template-arg>Operation</template-arg><template-arg>ProducerTag</template-arg><template-arg>ConsumerTag</template-arg><template-arg>typename enable_if&lt; boost::is_same&lt; typename ConsumerTag::concept</template-arg><template-arg>concepts::keyed_port &gt; &gt;::type</template-arg></specialization><struct name="apply"><template>
      <template-type-parameter name="Producer"/>
      <template-type-parameter name="Consumer"/>
    </template><method-group name="public static functions"><method name="call" cv=""><type>static void</type><parameter name="producer"><paramtype>Producer &amp;</paramtype></parameter><parameter name="consumer"><paramtype>Consumer &amp;</paramtype></parameter></method></method-group></struct></struct-specialization></namespace><function name="get_keyed_port"><type>extension::get_keyed_port_impl&lt; typename <classname>port_traits_of</classname>&lt; Mechanism, PortCategory, typename boost::remove_cv&lt; T1 &gt;::type &gt;::type, typename <classname>port_traits_of</classname>&lt; Mechanism, typename PortCategory::complement, typename boost::remove_cv&lt; T2 &gt;::type &gt;::type &gt;::template apply&lt; T1, T2 &gt;::type</type><template>
          <template-type-parameter name="Mechanism"/>
          <template-type-parameter name="PortCategory"/>
          <template-type-parameter name="T1"/>
          <template-type-parameter name="T2"/>
        </template><parameter name="t1"><paramtype>T1 &amp;</paramtype></parameter><parameter name="t2"><paramtype>T2 &amp;</paramtype></parameter></function></namespace></namespace></header><header name="boost/dataflow/support/port.hpp"><namespace name="boost"><namespace name="dataflow"><struct name="is_port_category"><template>
      <template-type-parameter name="T"/>
      <template-type-parameter name="Enable"><default>void</default></template-type-parameter>
    </template><purpose>Boolean metafunction determining whether a type is a PortCategory. </purpose></struct><struct name="port_traits"><template>
      <template-type-parameter name="Mechanism"/>
      <template-type-parameter name="PortCategory"/>
      <template-type-parameter name="PortConcept"/>
    </template><purpose>Convenience class for PortTraits types. </purpose><typedef name="mechanism"><type>Mechanism</type></typedef><typedef name="category"><type>PortCategory</type></typedef><typedef name="concept"><type>PortConcept</type></typedef></struct><struct name="is_port_traits"><template>
      <template-type-parameter name="PortTraits"/>
      <template-type-parameter name="Enable"><default>void</default></template-type-parameter>
    </template><purpose>Boolean metafunction determining whether a type is a PortTraits. </purpose></struct><struct name="port_traits_of"><template>
      <template-type-parameter name="Mechanism"/>
      <template-type-parameter name="PortCategory"/>
      <template-type-parameter name="T"/>
      <template-type-parameter name="Enable"><default>void</default></template-type-parameter>
    </template><purpose>Metafunction returning the PortTraits of a type. </purpose></struct><struct name="is_port"><template>
      <template-type-parameter name="Mechanism"/>
      <template-type-parameter name="PortCategory"/>
      <template-type-parameter name="T"/>
      <template-type-parameter name="Enable"><default>void</default></template-type-parameter>
    </template><purpose>Boolean metafunction determining whether a type is a Port. </purpose></struct><struct name="port"><template>
      <template-type-parameter name="PortTraits"/>
    </template><purpose>Convenience base class for Port types. </purpose><typedef name="port_traits"><type>PortTraits</type></typedef></struct><struct name="is_proxy_port"><template>
      <template-type-parameter name="Mechanism"/>
      <template-type-parameter name="PortCategory"/>
      <template-type-parameter name="T"/>
      <template-type-parameter name="Enable"><default>void</default></template-type-parameter>
    </template></struct><struct-specialization name="get_port_result_type"><template>
      <template-type-parameter name="Mechanism"/>
      <template-type-parameter name="PortCategory"/>
      <template-type-parameter name="T"/>
    </template><specialization><template-arg>Mechanism</template-arg><template-arg>PortCategory</template-arg><template-arg>T</template-arg><template-arg>typename disable_if&lt; is_proxy_port&lt; Mechanism</template-arg><template-arg>PortCategory</template-arg><template-arg>T &gt; &gt;::type</template-arg></specialization><typedef name="type"><type>extension::get_port_impl&lt; typename <classname>port_traits_of</classname>&lt; Mechanism, PortCategory, typename utility::underlying_type&lt; T &gt;::type &gt;::type &gt;::template apply&lt; typename remove_reference&lt; T &gt;::type &gt;::type</type></typedef></struct-specialization><struct-specialization name="is_port_category"><template>
      <template-type-parameter name="PortCategory"/>
    </template><specialization><template-arg>PortCategory</template-arg><template-arg>typename detail::enable_if_defined&lt; typename PortCategory::complement &gt;::type</template-arg></specialization></struct-specialization><struct-specialization name="is_port"><template>
      <template-type-parameter name="Mechanism"/>
      <template-type-parameter name="PortCategory"/>
      <template-type-parameter name="T"/>
    </template><specialization><template-arg>Mechanism</template-arg><template-arg>PortCategory</template-arg><template-arg>T</template-arg><template-arg>typename detail::enable_if_defined&lt; typename port_traits_of&lt; Mechanism</template-arg><template-arg>PortCategory</template-arg><template-arg>typename remove_cv&lt; T &gt;::type &gt;::type &gt;::type</template-arg></specialization></struct-specialization><struct-specialization name="is_port_traits"><template>
      <template-type-parameter name="PortTraits"/>
    </template><specialization><template-arg>PortTraits</template-arg><template-arg>typename detail::enable_if_defined&lt; detail::all_of&lt; typename PortTraits::mechanism</template-arg><template-arg>typename PortTraits::category</template-arg><template-arg>typename PortTraits::concept &gt; &gt;::type</template-arg></specialization><method-group name="public member functions"><method name="BOOST_MPL_ASSERT" cv=""><type/><parameter name=""><paramtype>(<classname>is_port_category</classname>&lt; typename PortTraits::category &gt;)</paramtype></parameter></method></method-group></struct-specialization><struct-specialization name="port_traits_of"><template>
      <template-type-parameter name="Mechanism"/>
      <template-type-parameter name="PortCategory"/>
      <template-type-parameter name="T"/>
    </template><specialization><template-arg>Mechanism</template-arg><template-arg>PortCategory</template-arg><template-arg>T</template-arg><template-arg>typename enable_if&lt; mpl::and_&lt; mpl::not_&lt; mpl::is_sequence&lt; typename T::port_traits &gt; &gt;</template-arg><template-arg>is_same&lt; Mechanism</template-arg><template-arg>typename T::port_traits::mechanism &gt;</template-arg><template-arg>is_same&lt; PortCategory</template-arg><template-arg>typename T::port_traits::category &gt; &gt; &gt;::type</template-arg></specialization><purpose>Specialization allowing intrusive specification of the PortTraits. </purpose><typedef name="type"><type>T::port_traits</type></typedef><method-group name="public member functions"><method name="BOOST_MPL_ASSERT" cv=""><type/><parameter name=""><paramtype>(<classname>is_port_traits</classname>&lt; type &gt;)</paramtype></parameter></method></method-group></struct-specialization><namespace name="concepts"/><namespace name="extension"><struct name="get_port_impl"><template>
      <template-type-parameter name="Traits"/>
    </template><struct name="apply"><template>
      <template-type-parameter name="T"/>
    </template><typedef name="type"><type>T &amp;</type></typedef><method-group name="public static functions"><method name="call" cv=""><type>static type</type><parameter name="p"><paramtype>T &amp;</paramtype></parameter></method></method-group></struct></struct></namespace><namespace name="ports"><struct name="producer"><typedef name="complement"><type>consumer</type></typedef></struct><struct name="consumer"><typedef name="complement"><type>producer</type></typedef></struct></namespace><function name="get_port"><type>disable_if&lt; is_proxy_port&lt; Mechanism, PortCategory, T &gt;, typename get_port_result_type&lt; Mechanism, PortCategory, T &gt;::type &gt;::type</type><template>
          <template-type-parameter name="Mechanism"/>
          <template-type-parameter name="PortCategory"/>
          <template-type-parameter name="T"/>
        </template><parameter name="p"><paramtype>T &amp;</paramtype></parameter></function></namespace></namespace><macro name="DATAFLOW_PORT_CATEGORY" kind="functionlike"><macro-parameter name="Type"/><macro-parameter name="PortTraits"/><purpose>Macro simplifying non-intrusive specification of a type's PortTraits. </purpose></macro><macro name="DATAFLOW_PORT_CATEGORY_ENABLE_IF" kind="functionlike"><macro-parameter name="Type"/><macro-parameter name="Cond"/><macro-parameter name="PortTraits"/><description><para>Macro simplifying non-intrusive specification of multiple types' PortTraits, using a boost::enable_if condition. </para></description></macro></header><header name="boost/dataflow/support/proxy_port.hpp"><namespace name="boost"><namespace name="dataflow"><struct name="proxy_port_traits"><template>
      <template-type-parameter name="Mechanism"/>
      <template-type-parameter name="PortCategory"/>
    </template><typedef name="mechanism"><type>Mechanism</type></typedef><typedef name="category"><type>PortCategory</type></typedef></struct><struct name="is_proxy_port_traits"><template>
      <template-type-parameter name="T"/>
      <template-type-parameter name="Enable"><default>void</default></template-type-parameter>
    </template></struct><struct name="default_proxy_port"><template>
      <template-type-parameter name="Mechanism"/>
      <template-type-parameter name="PortCategory"/>
      <template-type-parameter name="T"/>
      <template-type-parameter name="GetProxiedObject"/>
    </template></struct><struct name="mutable_proxy_port"><template>
      <template-type-parameter name="Mechanism"/>
      <template-type-parameter name="PortCategory"/>
      <template-type-parameter name="T"/>
      <template-type-parameter name="GetProxiedObject"/>
    </template></struct><struct-specialization name="get_port_result_type"><template>
      <template-type-parameter name="Mechanism"/>
      <template-type-parameter name="PortCategory"/>
      <template-type-parameter name="T"/>
    </template><specialization><template-arg>Mechanism</template-arg><template-arg>PortCategory</template-arg><template-arg>T</template-arg><template-arg>typename enable_if&lt; is_proxy_port&lt; Mechanism</template-arg><template-arg>PortCategory</template-arg><template-arg>T &gt; &gt;::type</template-arg></specialization><typedef name="type"><type>extension::get_port_impl&lt; typename proxy_port_traits_of&lt; Mechanism, PortCategory, typename remove_cv&lt; T &gt;::type &gt;::type &gt;::template apply&lt; T &gt;::type</type></typedef></struct-specialization><struct-specialization name="port_traits_of"><template>
      <template-type-parameter name="Mechanism"/>
      <template-type-parameter name="PortCategory"/>
      <template-type-parameter name="T"/>
    </template><specialization><template-arg>Mechanism</template-arg><template-arg>PortCategory</template-arg><template-arg>T</template-arg><template-arg>typename boost::enable_if&lt; is_proxy_port&lt; Mechanism</template-arg><template-arg>PortCategory</template-arg><template-arg>T &gt; &gt;::type</template-arg></specialization><typedef name="type"><type><classname>port_traits_of</classname>&lt; Mechanism, PortCategory, typename remove_cv&lt; typename remove_reference&lt; typename get_port_result_type&lt; Mechanism, PortCategory, T &gt;::type &gt;::type &gt;::type &gt;::type</type></typedef></struct-specialization><struct-specialization name="is_proxy_port_traits"><template>
      <template-type-parameter name="T"/>
    </template><specialization><template-arg>T</template-arg><template-arg>typename detail::enable_if_defined&lt; detail::all_of&lt; typename T::mechanism</template-arg><template-arg>typename T::category &gt; &gt;::type</template-arg></specialization></struct-specialization><struct-specialization name="is_proxy_port"><template>
      <template-type-parameter name="Mechanism"/>
      <template-type-parameter name="PortCategory"/>
      <template-type-parameter name="T"/>
    </template><specialization><template-arg>Mechanism</template-arg><template-arg>PortCategory</template-arg><template-arg>T</template-arg><template-arg>typename detail::enable_if_defined&lt; typename proxy_port_traits_of&lt; Mechanism</template-arg><template-arg>PortCategory</template-arg><template-arg>typename boost::remove_cv&lt; T &gt;::type &gt;::type &gt;::type</template-arg></specialization></struct-specialization><struct-specialization name="proxy_port_traits_of"><template>
      <template-type-parameter name="Mechanism"/>
      <template-type-parameter name="PortCategory"/>
      <template-type-parameter name="T"/>
    </template><specialization><template-arg>Mechanism</template-arg><template-arg>PortCategory</template-arg><template-arg>T</template-arg><template-arg>typename enable_if&lt; mpl::and_&lt; mpl::not_&lt; mpl::is_sequence&lt; typename T::proxy_port_traits &gt; &gt;</template-arg><template-arg>is_same&lt; Mechanism</template-arg><template-arg>typename T::proxy_port_traits::mechanism &gt;</template-arg><template-arg>is_same&lt; PortCategory</template-arg><template-arg>typename T::proxy_port_traits::category &gt; &gt; &gt;::type</template-arg></specialization><purpose>Specialization allowing intrusive specification of the PortTraits. </purpose><typedef name="type"><type>T::proxy_port_traits</type></typedef><method-group name="public member functions"><method name="BOOST_MPL_ASSERT" cv=""><type/><parameter name=""><paramtype>(is_proxy_port_traits&lt; type &gt;)</paramtype></parameter></method></method-group></struct-specialization><namespace name="extension"><struct-specialization name="get_port_impl"><template>
      <template-type-parameter name="Mechanism"/>
      <template-type-parameter name="PortCategory"/>
      <template-type-parameter name="ProxiedPort"/>
      <template-type-parameter name="GetProxiedObject"/>
    </template><specialization><template-arg>default_proxy_port&lt; Mechanism</template-arg><template-arg>PortCategory</template-arg><template-arg>ProxiedPort</template-arg><template-arg>GetProxiedObject &gt;</template-arg></specialization><struct name="apply"><template>
      <template-type-parameter name="ProxyPort"/>
    </template><typedef name="type"><type>get_port_result_type&lt; Mechanism, PortCategory, typename utility::copy_cv&lt; ProxiedPort, ProxyPort &gt;::type &gt;::type</type></typedef><method-group name="public static functions"><method name="call" cv=""><type>static type</type><parameter name="t"><paramtype>ProxyPort &amp;</paramtype></parameter></method></method-group></struct></struct-specialization><struct-specialization name="get_port_impl"><template>
      <template-type-parameter name="Mechanism"/>
      <template-type-parameter name="PortCategory"/>
      <template-type-parameter name="ProxiedPort"/>
      <template-type-parameter name="GetProxiedObject"/>
    </template><specialization><template-arg>mutable_proxy_port&lt; Mechanism</template-arg><template-arg>PortCategory</template-arg><template-arg>ProxiedPort</template-arg><template-arg>GetProxiedObject &gt;</template-arg></specialization><struct name="apply"><template>
      <template-type-parameter name="ProxyPort"/>
    </template><typedef name="type"><type>get_port_result_type&lt; Mechanism, PortCategory, ProxiedPort &gt;::type</type></typedef><method-group name="public static functions"><method name="call" cv=""><type>static type</type><parameter name="t"><paramtype>const ProxyPort &amp;</paramtype></parameter></method></method-group></struct></struct-specialization></namespace></namespace></namespace><macro name="DATAFLOW_PROXY_PORT_CATEGORY" kind="functionlike"><macro-parameter name="ProxyPort"/><macro-parameter name="ProxyPortCategory"/></macro><macro name="DATAFLOW_PROXY_PORT_CATEGORY_ENABLE_IF" kind="functionlike"><macro-parameter name="P"/><macro-parameter name="Cond"/><macro-parameter name="ProxyPortCategory"/></macro></header><header name="boost/dataflow/support/unary_operation.hpp"><namespace name="boost"><namespace name="dataflow"><struct name="implements_unary_operation"><template>
      <template-type-parameter name="Operation"/>
      <template-type-parameter name="Mechanism"/>
      <template-type-parameter name="PortCategory"/>
      <template-type-parameter name="T"/>
      <template-type-parameter name="Enable"><default>void</default></template-type-parameter>
    </template></struct><struct-specialization name="implements_unary_operation"><template>
      <template-type-parameter name="Operation"/>
      <template-type-parameter name="Mechanism"/>
      <template-type-parameter name="Producer"/>
      <template-type-parameter name="PortCategory"/>
      <template-type-parameter name="T"/>
    </template><specialization><template-arg>Operation</template-arg><template-arg>Mechanism</template-arg><template-arg>PortCategory</template-arg><template-arg>T</template-arg><template-arg>typename detail::enable_if_defined&lt; typename extension::unary_operation_impl&lt; Operation</template-arg><template-arg>typename port_traits_of&lt; Mechanism</template-arg><template-arg>PortCategory</template-arg><template-arg>Producer &gt;::type &gt;::template apply&lt; Producer &gt;::detail::not_specialized &gt;::type</template-arg></specialization></struct-specialization><namespace name="extension"><struct name="unary_operation_impl"><template>
      <template-type-parameter name="Operation"/>
      <template-type-parameter name="PortTraits"/>
      <template-type-parameter name="Enable"><default>void</default></template-type-parameter>
    </template><struct name="apply"><template>
      <template-type-parameter name="Producer"/>
    </template><struct name="detail"><typedef name="not_specialized"><type>void</type></typedef></struct><method-group name="public static functions"><method name="call" cv=""><type>static void</type><parameter name=""><paramtype>Producer &amp;</paramtype></parameter></method></method-group></struct></struct></namespace><namespace name="operations"/><function name="unary_operation"><type>void</type><template>
          <template-type-parameter name="Operation"/>
          <template-type-parameter name="Mechanism"/>
          <template-type-parameter name="PortCategory"/>
          <template-type-parameter name="Port"/>
        </template><parameter name="producer"><paramtype>Port &amp;</paramtype></parameter></function></namespace></namespace></header></library-reference>
