<?xml version="1.0" standalone="yes"?>
<library-reference><header name="boost/dataflow/blueprint/binary_operation.hpp"><namespace name="boost"><namespace name="dataflow"><namespace name="blueprint"><class name="binary_operation"><template>
      <template-type-parameter name="Operation"/>
    </template><method-group name="public member functions"><method name="invoke" cv=""><type>void</type><parameter name="producer"><paramtype><classname>port</classname> &amp;</paramtype></parameter><parameter name="consumer"><paramtype><classname>port</classname> &amp;</paramtype></parameter></method><method name="copy" cv="const"><type>std::auto_ptr&lt; binary_operation &gt;</type></method></method-group><destructor/></class><function name="are_binary_operable"><type>bool</type><template>
          <template-type-parameter name="Operation"/>
        </template><parameter name="left"><paramtype><classname>port</classname> &amp;</paramtype></parameter><parameter name="right"><paramtype><classname>port</classname> &amp;</paramtype></parameter></function><function name="get_binary_operation"><type>shared_ptr&lt; binary_operation&lt; Operation &gt; &gt;</type><template>
          <template-type-parameter name="Operation"/>
        </template><parameter name="producer"><paramtype><classname>port</classname> &amp;</paramtype></parameter><parameter name="consumer"><paramtype><classname>port</classname> &amp;</paramtype></parameter></function><function name="extract"><type>void</type><parameter name="producer"><paramtype><classname>port</classname> &amp;</paramtype></parameter><parameter name="consumer"><paramtype><classname>port</classname> &amp;</paramtype></parameter></function></namespace></namespace></namespace></header><header name="boost/dataflow/blueprint/component.hpp"><namespace name="boost"><namespace name="dataflow"><namespace name="blueprint"><class name="component"><purpose>Base class for all blueprint component types. Run-time analogue of the Component concept. </purpose><method-group name="public member functions"><method name="invoke" cv=""><type>void</type></method><method name="is_invocable" cv=""><type>bool</type></method><method name="num_ports" cv="const"><type>size_t</type></method><method name="get_port" cv=""><type><classname>port</classname> &amp;</type><parameter name="port_num"><paramtype>int</paramtype></parameter></method><method name="copy" cv="const"><type>std::auto_ptr&lt; <classname>component</classname> &gt;</type></method></method-group><destructor/></class><class name="based_component"><template>
      <template-type-parameter name="Base"/>
    </template><inherit access="public">boost::dataflow::blueprint::component</inherit><method-group name="public member functions"><method name="get_pointer" cv=""><type>Base *</type></method></method-group></class><struct name="underlying_component_type"><template>
      <template-type-parameter name="T"/>
      <template-type-parameter name="Enable"><default>void</default></template-type-parameter>
    </template><typedef name="type"><type>T</type></typedef></struct><struct name="get_underlying_component"><template>
      <template-type-parameter name="T"/>
      <template-type-parameter name="Enable"><default>void</default></template-type-parameter>
    </template><method-group name="public member functions"><method name="operator()" cv="const"><type>T &amp;</type><parameter name="t"><paramtype>T &amp;</paramtype></parameter></method></method-group></struct><class name="component_t"><template>
      <template-type-parameter name="Component"/>
      <template-type-parameter name="Tag"><default>default_tag</default></template-type-parameter>
    </template><method-group name="public member functions"><method name="invoke" cv=""><type>void</type></method><method name="is_invocable" cv=""><type>bool</type></method><method name="num_ports" cv="const"><type>size_t</type></method><method name="get_port" cv=""><type><classname>port</classname> &amp;</type><parameter name="port_num"><paramtype>int</paramtype></parameter></method><method name="copy" cv="const"><type>std::auto_ptr&lt; <classname>component</classname> &gt;</type></method><method name="get" cv=""><type>Component &amp;</type></method><method name="get_pointer" cv=""><type>runtime_base_class_type *</type></method></method-group><constructor/><constructor><template>
          <template-type-parameter name="T0"/>
        </template><parameter name="t0"><paramtype>const T0 &amp;</paramtype></parameter></constructor><constructor><template>
          <template-type-parameter name="T0"/>
        </template><parameter name="t0"><paramtype>T0 &amp;</paramtype></parameter></constructor><constructor><parameter name="rhs"><paramtype>const component_t &amp;</paramtype></parameter></constructor><method-group name="private member functions"><method name="component_t_" cv=""><type>void</type></method></method-group></class><struct-specialization name="underlying_component_type"><template>
      <template-type-parameter name="T"/>
    </template><specialization><template-arg>T</template-arg><template-arg>typename dataflow::utility::enable_if_type&lt; typename T::element_type &gt;::type</template-arg></specialization><typedef name="type"><type>T::element_type</type></typedef></struct-specialization><struct-specialization name="get_underlying_component"><template>
      <template-type-parameter name="T"/>
    </template><specialization><template-arg>T</template-arg><template-arg>typename dataflow::utility::enable_if_type&lt; typename T::element_type &gt;::type</template-arg></specialization><method-group name="public member functions"><method name="operator()" cv="const"><type>T::element_type &amp;</type><parameter name="t"><paramtype>T &amp;</paramtype></parameter></method></method-group></struct-specialization></namespace></namespace></namespace></header><header name="boost/dataflow/blueprint/port.hpp"><namespace name="boost"><namespace name="dataflow"><namespace name="blueprint"><class name="port_traits"><method-group name="public member functions"><method name="category" cv="const"><type>const runtime_info &amp;</type></method><method name="tag" cv="const"><type>const runtime_info &amp;</type></method></method-group><constructor><parameter name="category"><paramtype>const runtime_info &amp;</paramtype></parameter><parameter name="tag"><paramtype>const runtime_info &amp;</paramtype></parameter></constructor></class><class name="port"><purpose>Base class for all blueprint port types. Run-time analogue of the Port concept. </purpose><method-group name="public member functions"><method name="traits" cv="const"><type>const port_traits &amp;</type></method><method name="is_complemented_port" cv="const"><type>bool</type></method><method name="is_vector_port" cv="const"><type>bool</type></method><method name="is_keyed_port" cv="const"><type>bool</type></method><method name="as" cv=""><type>T &amp;</type><template>
          <template-type-parameter name="T"/>
        </template></method><method name="get" cv=""><type>boost::any</type></method><method name="port_type_info" cv=""><type>const std::type_info &amp;</type></method><method name="port_traits_type_info" cv=""><type>const std::type_info &amp;</type></method><method name="clone" cv="const"><type><classname>port</classname> *</type></method><method name="resolve_key" cv=""><type><classname>port</classname> &amp;</type><parameter name="key"><paramtype><classname>port</classname> &amp;</paramtype></parameter></method></method-group><constructor><parameter name="category"><paramtype>const runtime_info &amp;</paramtype></parameter><parameter name="tag"><paramtype>const runtime_info &amp;</paramtype></parameter></constructor><destructor/></class><class name="complemented_port"><inherit access="public">boost::dataflow::blueprint::port</inherit><purpose>Base class for all blueprint complemented port types. Run-time analogue of the ComplementedPort concept. </purpose><method-group name="public member functions"><method name="is_complemented_port" cv="const"><type>bool</type></method><method name="complement_type_info" cv=""><type>const std::type_info &amp;</type></method><method name="port_to_complement_connector" cv=""><type>shared_ptr&lt; binary_operation&lt; operations::connect &gt; &gt;</type></method><method name="complement_to_port_connector" cv=""><type>shared_ptr&lt; binary_operation&lt; operations::connect &gt; &gt;</type></method><method name="port_to_complement_extractor" cv=""><type>shared_ptr&lt; binary_operation&lt; operations::extract &gt; &gt;</type></method><method name="complement_to_port_extractor" cv=""><type>shared_ptr&lt; binary_operation&lt; operations::extract &gt; &gt;</type></method><method name="port_to_complement_operation" cv=""><type>enable_if&lt; is_same&lt; Operation, operations::connect &gt;, shared_ptr&lt; binary_operation&lt; Operation &gt; &gt; &gt;::type</type><template>
          <template-type-parameter name="Operation"/>
        </template></method><method name="port_to_complement_operation" cv=""><type>enable_if&lt; is_same&lt; Operation, operations::extract &gt;, shared_ptr&lt; binary_operation&lt; Operation &gt; &gt; &gt;::type</type><template>
          <template-type-parameter name="Operation"/>
        </template></method><method name="complement_to_port_operation" cv=""><type>enable_if&lt; is_same&lt; Operation, operations::connect &gt;, shared_ptr&lt; binary_operation&lt; Operation &gt; &gt; &gt;::type</type><template>
          <template-type-parameter name="Operation"/>
        </template></method><method name="complement_to_port_operation" cv=""><type>enable_if&lt; is_same&lt; Operation, operations::extract &gt;, shared_ptr&lt; binary_operation&lt; Operation &gt; &gt; &gt;::type</type><template>
          <template-type-parameter name="Operation"/>
        </template></method><method name="is_operable_port_to_complement" cv=""><type>bool</type><template>
          <template-type-parameter name="Operation"/>
        </template></method><method name="is_operable_complement_to_port" cv=""><type>bool</type><template>
          <template-type-parameter name="Operation"/>
        </template></method></method-group><constructor><parameter name="category"><paramtype>const runtime_info &amp;</paramtype></parameter><parameter name="tag"><paramtype>const runtime_info &amp;</paramtype></parameter></constructor><method-group name="private member functions"><method name="is_operable_port_to_complement" cv=""><type>bool</type><parameter name="operation_uuid"><paramtype>int</paramtype></parameter></method><method name="is_operable_complement_to_port" cv=""><type>bool</type><parameter name="operation_uuid"><paramtype>int</paramtype></parameter></method></method-group></class><class name="vector_port"><inherit access="public">boost::dataflow::blueprint::port</inherit><method-group name="public member functions"><method name="is_vector_port" cv="const"><type>bool</type></method><method name="num_ports" cv="const"><type>size_t</type></method><method name="get_port" cv=""><type><classname>port</classname> &amp;</type><parameter name="port_num"><paramtype>int</paramtype></parameter></method></method-group><constructor><parameter name="category"><paramtype>const runtime_info &amp;</paramtype></parameter><parameter name="tag"><paramtype>const runtime_info &amp;</paramtype></parameter></constructor></class><class name="keyed_port"><method-group name="public member functions"><method name="is_keyed_port" cv="const"><type>bool</type></method><method name="has_key" cv=""><type>bool</type><parameter name="info"><paramtype>const std::type_info &amp;</paramtype></parameter></method><method name="get_keyed_port" cv=""><type><classname>port</classname> &amp;</type><parameter name="info"><paramtype>const std::type_info &amp;</paramtype></parameter></method></method-group><constructor><parameter name="category"><paramtype>const runtime_info &amp;</paramtype></parameter><parameter name="tag"><paramtype>const runtime_info &amp;</paramtype></parameter></constructor></class></namespace></namespace><function name="new_clone&lt;dataflow::blueprint::port &gt;"><type><classname>dataflow::blueprint::port</classname> *</type><template>
        </template><parameter name="r"><paramtype>const <classname>dataflow::blueprint::port</classname> &amp;</paramtype></parameter></function></namespace></header></library-reference>
