<?xml version="1.0" standalone="yes"?>
<library-reference><header name="boost/signal_network/component/applicator.hpp"><macro name="SIGNAL_NETWORK_GENERIC_CLASS"/><macro name="SIGNAL_NETWORK_GENERIC_FILE"/><macro name="SIGNAL_NETWORK_GENERIC_TYPENAME"/><macro name="SIGNAL_NETWORK_GENERIC_MEMBERNAME"/><macro name="SIGNAL_NETWORK_GENERIC_TYPENAME2"/><macro name="SIGNAL_NETWORK_APPLICATOR_HPP"/></header><header name="boost/signal_network/component/chain.hpp"><namespace name="boost"><namespace name="signals"><class name="chain"><template>
      <template-type-parameter name="Signature"/>
      <template-type-parameter name="T"/>
    </template><purpose>Connects a number of components of the same type in a chain. </purpose><description><para>
</para></description><method-group name="public member functions"/><constructor><parameter name="copies"><paramtype>size_t</paramtype></parameter><parameter name="component"><paramtype>T *</paramtype><default>NULL</default></parameter><description><para>Constructs a chain composed of instances of T. Constructs a chain composed of copies of component. </para></description></constructor></class></namespace></namespace></header><header name="boost/signal_network/component/conditional.hpp"><macro name="SIGNAL_NETWORK_GENERIC_CLASS"/><macro name="SIGNAL_NETWORK_GENERIC_FILE"/><macro name="SIGNAL_NETWORK_GENERIC_TYPENAME"/><macro name="SIGNAL_NETWORK_GENERIC_MEMBERNAME"/><macro name="SIGNAL_NETWORK_GENERIC_TYPENAME2"/><macro name="SIGNAL_NETWORK_CONDITIONAL_HPP"/></header><header name="boost/signal_network/component/conditional_modifier.hpp"><macro name="SIGNAL_NETWORK_GENERIC_CLASS"/><macro name="SIGNAL_NETWORK_GENERIC_FILE"/><macro name="SIGNAL_NETWORK_GENERIC_TYPENAME"/><macro name="SIGNAL_NETWORK_GENERIC_MEMBERNAME"/><macro name="SIGNAL_NETWORK_CONDITIONAL_MODIFIER_HPP"/></header><header name="boost/signal_network/component/counter.hpp"><namespace name="boost"><namespace name="signals"><class name="counter"><template>
      <template-type-parameter name="Signature"/>
      <template-type-parameter name="OutSignal"><default>unfused</default></template-type-parameter>
      <template-type-parameter name="T"><default>volatile int</default></template-type-parameter>
      <template-type-parameter name="Combiner"><default>boost::last_value&lt;typename boost::function_types::result_type&lt;Signature&gt;::type&gt;</default></template-type-parameter>
      <template-type-parameter name="Group"><default>int</default></template-type-parameter>
      <template-type-parameter name="GroupCompare"><default>std::less&lt;Group&gt;</default></template-type-parameter>
    </template><purpose>Counts the number of signals passing through the component. counter is an applicator with a postincrement application and default member of type volatile int. </purpose><description><para>
</para></description><method-group name="public member functions"><method name="reset" cv=""><type>void</type><description><para>Sets the internal counter to 0. </para></description></method><method name="count" cv="const"><type>boost::remove_volatile&lt; T &gt;::type</type><description><para>
</para></description><returns><para>The internal signal counter. </para></returns></method></method-group><constructor><description><para>Initializes the internal counter to 0. </para></description></constructor></class></namespace></namespace></header><header name="boost/signal_network/component/filter.hpp"><namespace name="boost"><namespace name="signals"><struct name="combined"><purpose>Used for specification of the filter class using an internal fused adaptor for an unfused output signal. </purpose></struct><struct name="unfused"><purpose>Used to specify unfused versions of provided components. For the filter class, this means the filter will use an unfused output signal only,. </purpose><typedef name="filter_type"><type><classname>combined</classname></type></typedef></struct><struct name="fused"><purpose>Used to specify unfused versions of provided components. For the filter class, this means the filter will use a fused output signal only. </purpose><typedef name="filter_type"><type><classname>fused</classname></type></typedef></struct><class-specialization name="filter"><template>
      <template-type-parameter name="Signature"/>
      <template-type-parameter name="Combiner"/>
      <template-type-parameter name="Group"/>
      <template-type-parameter name="GroupCompare"/>
    </template><specialization><template-arg>Signature</template-arg><template-arg>unfused</template-arg><template-arg>Combiner</template-arg><template-arg>Group</template-arg><template-arg>GroupCompare</template-arg></specialization><purpose>Unfused version of the filter class. </purpose><typedef name="signature_type"><type>Signature</type></typedef><typedef name="signal_type"><type>boost::signal&lt; Signature, Combiner, Group, GroupCompare &gt;</type></typedef><method-group name="public member functions"><method name="filter" cv=""><type/><parameter name=""><paramtype>const filter &amp;</paramtype></parameter></method><method name="filter" cv=""><type/></method><method name="default_signal" cv="const"><type>signal_type &amp;</type><purpose>Returns the default out signal. </purpose></method><method name="disconnect_all_slots" cv=""><type>void</type><purpose>Disconnects all slots connected to the signals::filter. </purpose></method></method-group><copy-assignment><parameter name=""><paramtype>const filter &amp;</paramtype></parameter></copy-assignment></class-specialization><class-specialization name="filter"><template>
      <template-type-parameter name="Signature"/>
      <template-type-parameter name="Combiner"/>
      <template-type-parameter name="Group"/>
      <template-type-parameter name="GroupCompare"/>
    </template><specialization><template-arg>Signature</template-arg><template-arg>combined</template-arg><template-arg>Combiner</template-arg><template-arg>Group</template-arg><template-arg>GroupCompare</template-arg></specialization><inherit access="public">boost::signals::filter&lt; Signature, unfused, Combiner, Group, GroupCompare &gt;</inherit><purpose>Combined version of the filter class. </purpose><typedef name="signature_type"><type>base_type::signature_type</type></typedef><typedef name="signal_type"><type>base_type::signal_type</type></typedef><typedef name="parameter_types"><type>boost::function_types::parameter_types&lt; Signature &gt;::type</type></typedef><typedef name="parameter_vector"><type>boost::fusion::result_of::as_vector&lt; parameter_types &gt;::type</type></typedef><typedef name="fused_signature_type"><type>signal_type::result_type</type></typedef><method-group name="public member functions"><method name="filter" cv=""><type/></method></method-group></class-specialization><class-specialization name="filter"><template>
      <template-type-parameter name="Signature"/>
      <template-type-parameter name="Combiner"/>
      <template-type-parameter name="Group"/>
      <template-type-parameter name="GroupCompare"/>
    </template><specialization><template-arg>Signature</template-arg><template-arg>fused</template-arg><template-arg>Combiner</template-arg><template-arg>Group</template-arg><template-arg>GroupCompare</template-arg></specialization><purpose>Fused version of the filter class. </purpose><typedef name="parameter_types"><type>boost::function_types::parameter_types&lt; Signature &gt;::type</type></typedef><typedef name="parameter_vector"><type>boost::fusion::result_of::as_vector&lt; parameter_types &gt;::type</type></typedef><typedef name="signature_type"><type>Combiner::result_type</type></typedef><typedef name="fused_signature_type"><type>Combiner::result_type</type></typedef><typedef name="signal_type"><type>boost::signal&lt; signature_type, Combiner, Group, GroupCompare &gt;</type></typedef><method-group name="public member functions"><method name="filter" cv=""><type/><parameter name=""><paramtype>const filter &amp;</paramtype></parameter></method><method name="filter" cv=""><type/></method><method name="default_signal" cv="const"><type>signal_type &amp;</type><purpose>Returns the default out signal. </purpose></method><method name="disconnect_all_slots" cv=""><type>void</type><purpose>Disconnects all slots connected to the signals::filter. </purpose></method></method-group><copy-assignment><parameter name=""><paramtype>const filter &amp;</paramtype></parameter></copy-assignment></class-specialization></namespace></namespace><macro name="SIGNAL_NETWORK_DEFAULT_OUT"/></header><header name="boost/signal_network/component/filter_base.hpp"><namespace name="boost"><namespace name="signals"><class name="filter_base"/><struct name="is_filter"><template>
      <template-type-parameter name="T"/>
      <template-type-parameter name="Enable"><default>void</default></template-type-parameter>
    </template></struct><struct-specialization name="is_component"><template>
      <template-type-parameter name="T"/>
    </template><specialization><template-arg>T</template-arg><template-arg>typename boost::enable_if&lt; is_filter&lt; T &gt; &gt;::type</template-arg></specialization></struct-specialization><struct-specialization name="get_signal"><template>
      <template-type-parameter name="T"/>
    </template><specialization><template-arg>T</template-arg><template-arg>typename boost::enable_if&lt; is_filter&lt; T &gt; &gt;::type</template-arg></specialization><method-group name="public member functions"><method name="operator()" cv=""><type>T::signal_type &amp;</type><parameter name="t"><paramtype>const T &amp;</paramtype></parameter></method></method-group></struct-specialization><struct-specialization name="is_filter"><template>
      <template-type-parameter name="T"/>
    </template><specialization><template-arg>T</template-arg><template-arg>typename boost::enable_if&lt; boost::is_base_of&lt; filter_base</template-arg><template-arg>T &gt; &gt;::type</template-arg></specialization></struct-specialization></namespace></namespace><macro name="SIGNAL_NETWORK_TRACKABLE"/></header><header name="boost/signal_network/component/function.hpp"><namespace name="boost"><namespace name="signals"><class name="function"><template>
      <template-type-parameter name="Signature"/>
      <template-type-parameter name="FunctionSignature"/>
      <template-type-parameter name="OutSignal"><default>unfused</default></template-type-parameter>
      <template-type-parameter name="Combiner"><default>boost::last_value&lt;void&gt;</default></template-type-parameter>
      <template-type-parameter name="Group"><default>int</default></template-type-parameter>
      <template-type-parameter name="GroupCompare"><default>std::less&lt;Group&gt;</default></template-type-parameter>
    </template><purpose>Converts a function into a Signal Network filter. </purpose><description><para>
The signals::function object will receive signals of signature void(function arguments), and send signals of signature void(function return type). </para></description><typedef name="base_type"><type><emphasis>unspecified</emphasis></type></typedef><method-group name="public member functions"/><constructor><parameter name="f"><paramtype>const boost::function&lt; FunctionSignature &gt; &amp;</paramtype></parameter></constructor></class></namespace></namespace></header><header name="boost/signal_network/component/instantiator.hpp"><macro name="SIGNAL_NETWORK_GENERIC_CLASS"/><macro name="SIGNAL_NETWORK_GENERIC_FILE"/><macro name="SIGNAL_NETWORK_GENERIC_TYPENAME"/><macro name="SIGNAL_NETWORK_GENERIC_MEMBERNAME"/><macro name="SIGNAL_NETWORK_GENERIC_TYPENAME2"/><macro name="SIGNAL_NETWORK_GENERIC_STANDARD_RESULT"/><macro name="SIGNAL_NETWORK_INSTANTIATOR_HPP"/></header><header name="boost/signal_network/component/junction.hpp"><namespace name="boost"><namespace name="signals"><class name="junction"><template>
      <template-type-parameter name="Signature"/>
      <template-type-parameter name="OutSignal"><default>unfused</default></template-type-parameter>
      <template-type-parameter name="Combiner"><default>boost::last_value&lt;typename boost::function_types::result_type&lt;Signature&gt;::type&gt;</default></template-type-parameter>
      <template-type-parameter name="Group"><default>int</default></template-type-parameter>
      <template-type-parameter name="GroupCompare"><default>std::less&lt;Group&gt;</default></template-type-parameter>
    </template><purpose>Forwards a single signal to multiple slots, and can also be disabled to stop the flow of signals. junction is a conditional with Condition identity and Member volatile bool. </purpose><method-group name="public member functions"><method name="enable" cv=""><type>void</type><description><para>Enables the junction (signals will be forwarded). </para></description></method><method name="disable" cv=""><type>void</type><description><para>Disables the junction (signals will not be forwarded). </para></description></method></method-group><constructor><parameter name="enabled"><paramtype>bool</paramtype><default>true</default></parameter><description><para>Initializes the junction to be enabled. </para></description></constructor></class></namespace></namespace></header><header name="boost/signal_network/component/modifier.hpp"><macro name="SIGNAL_NETWORK_GENERIC_CLASS"/><macro name="SIGNAL_NETWORK_GENERIC_FILE"/><macro name="SIGNAL_NETWORK_GENERIC_TYPENAME"/><macro name="SIGNAL_NETWORK_GENERIC_MEMBERNAME"/><macro name="SIGNAL_NETWORK_GENERIC_STANDARD_RESULT"/><macro name="SIGNAL_NETWORK_MODIFIER_HPP"/></header><header name="boost/signal_network/component/mutex.hpp"><namespace name="boost"><namespace name="signals"><class name="mutex"><template>
      <template-type-parameter name="Signature"/>
      <template-type-parameter name="OutSignal"><default>unfused</default></template-type-parameter>
      <template-type-parameter name="Combiner"><default>boost::last_value&lt;typename boost::function_types::result_type&lt;Signature&gt;::type&gt;</default></template-type-parameter>
      <template-type-parameter name="Group"><default>int</default></template-type-parameter>
      <template-type-parameter name="GroupCompare"><default>std::less&lt;Group&gt;</default></template-type-parameter>
    </template><purpose>Ensures a component is processing only one signal at a time when using multiple threads. </purpose></class></namespace></namespace></header><header name="boost/signal_network/component/selector.hpp"/><header name="boost/signal_network/component/socket_receiver.hpp"><namespace name="boost"><namespace name="signals"><class name="socket_receiver"><template>
      <template-type-parameter name="Signature"/>
      <template-type-parameter name="OutSignal"><default>unfused</default></template-type-parameter>
      <template-type-parameter name="Combiner"><default>boost::last_value&lt;typename boost::function_types::result_type&lt;Signature&gt;::type&gt;</default></template-type-parameter>
      <template-type-parameter name="Group"><default>int</default></template-type-parameter>
      <template-type-parameter name="GroupCompare"><default>std::less&lt;Group&gt;</default></template-type-parameter>
    </template><inherit access="public">boost::signals::storage&lt; Signature, OutSignal, Combiner, Group, GroupCompare &gt;</inherit><purpose>Receives serializable signals through a Boost.Asio socket. </purpose><description><para>
Todo<para>socket_sender only works for Signatures of return type void.</para></para></description><method-group name="public member functions"><method name="operator()" cv=""><type>void</type><purpose>Sets the receiver to wait for a packet and send its contents via the signal. </purpose></method></method-group><constructor><parameter name="socket"><paramtype>asio::ip::tcp::socket &amp;</paramtype></parameter><purpose>Initializes the socket_sender to use the provided socket. </purpose></constructor></class></namespace></namespace></header><header name="boost/signal_network/component/socket_sender.hpp"><namespace name="boost"><namespace name="signals"><class name="socket_sender"><template>
      <template-type-parameter name="Signature"/>
    </template><purpose>Sends serializable signals through a Boost asio socket. </purpose><description><para>
Todo<para>socket_sender only works for Signatures of return type void. </para></para></description><method-group name="public member functions"/><constructor><parameter name="socket"><paramtype>asio::ip::tcp::socket &amp;</paramtype></parameter></constructor></class></namespace></namespace></header><header name="boost/signal_network/component/storage.hpp"><namespace name="boost"><namespace name="signals"><class name="storage_modifier"><template>
      <template-type-parameter name="Signature"/>
    </template><struct-specialization name="result"><template>
      <template-type-parameter name="S"/>
      <template-type-parameter name="T1"/>
    </template><specialization><template-arg>storage_modifier&lt; S &gt;(const T1 &amp;)</template-arg></specialization><typedef name="type"><type>boost::optional&lt; const T1 &amp; &gt;</type></typedef></struct-specialization><typedef name="parameter_types"><type>boost::function_types::parameter_types&lt; Signature &gt;::type</type></typedef><typedef name="storable_types"><type><emphasis>unspecified</emphasis></type></typedef><typedef name="storable_vector"><type>boost::fusion::result_of::as_vector&lt; storable_types &gt;::type</type></typedef><method-group name="public member functions"><method name="stored_vector" cv=""><type>const storable_vector &amp;</type></method><method name="open" cv=""><type>void</type></method><method name="close" cv=""><type>void</type></method></method-group><constructor><parameter name="opened"><paramtype>bool</paramtype><default>true</default></parameter></constructor><constructor><template>
          <template-type-parameter name="Seq"/>
        </template><parameter name="seq"><paramtype>const Seq &amp;</paramtype></parameter><parameter name="opened"><paramtype>bool</paramtype><default>true</default></parameter></constructor></class><class name="storage"><template>
      <template-type-parameter name="Signature"/>
      <template-type-parameter name="OutSignal"><default>unfused</default></template-type-parameter>
      <template-type-parameter name="Combiner"><default>boost::last_value&lt;typename boost::function_traits&lt;Signature&gt;::result_type&gt;</default></template-type-parameter>
      <template-type-parameter name="Group"><default>int</default></template-type-parameter>
      <template-type-parameter name="GroupCompare"><default>std::less&lt;Group&gt;</default></template-type-parameter>
    </template><purpose>Stores and transmits arguments received from a signal. </purpose><description><para>
</para></description><typedef name="parameter_types"><type>storage_modifier&lt; Signature &gt;::parameter_types</type></typedef><typedef name="storable_types"><type>storage_modifier&lt; Signature &gt;::storable_types</type></typedef><typedef name="storable_vector"><type>storage_modifier&lt; Signature &gt;::storable_vector</type></typedef><method-group name="public member functions"><method name="open" cv=""><type>void</type></method><method name="close" cv=""><type>void</type></method><method name="send" cv=""><type>base_type::signal_type::result_type</type><description><para>Sends a signal containing the stored parameter values. 
</para></description><returns><para>Return value of the sent signal. </para></returns></method><method name="send" cv=""><type>base_type::signal_type::result_type</type><parameter name=""><paramtype>const boost::fusion::vector&lt;&gt; &amp;</paramtype></parameter><description><para>Sends a signal containing the stored parameter values. 
</para></description><returns><para>Return value of the sent signal. </para></returns></method><method name="stored_vector" cv=""><type>const storable_vector &amp;</type><description><para>
</para></description><returns><para>A reference to the fusion vector of stored parameter values. </para></returns></method><method name="at" cv=""><type>boost::fusion::result_of::at_c&lt; storable_vector, N &gt;::type</type><template>
          <template-nontype-parameter name="N"><type>int</type></template-nontype-parameter>
        </template><description><para>
</para></description><returns><para>The stored value of parameter N using an optimizing cast. </para></returns></method><method name="value_at" cv=""><type>boost::mpl::at_c&lt; parameter_types, N &gt;::type</type><template>
          <template-nontype-parameter name="N"><type>int</type></template-nontype-parameter>
        </template><description><para>
</para></description><returns><para>The stored value of parameter N typed exactly as it appears in the Signature. </para></returns></method><method name="at_slot" cv=""><type><classname>slot_selector</classname></type><template>
          <template-nontype-parameter name="N"><type>int</type></template-nontype-parameter>
        </template><description><para>
</para></description><returns><para>The slot selector for the related at function. </para></returns></method><method name="value_at_slot" cv=""><type><classname>slot_selector</classname></type><template>
          <template-nontype-parameter name="N"><type>int</type></template-nontype-parameter>
        </template><description><para>
</para></description><returns><para>The slot selector for the value_at function. </para></returns></method></method-group><constructor><template>
          <template-type-parameter name="Seq"/>
        </template><parameter name="seq"><paramtype>const Seq &amp;</paramtype><description><para>Sequence from which the stored parameter sequence is initialized from. </para></description></parameter><description><para>Initializes the stored parameter values using the provided sequence. 
</para></description></constructor><constructor><description><para>Initializes the stored parameter values using its default constructor. </para></description></constructor><method-group name="protected member functions"><method name="stored" cv=""><type>storable_vector &amp;</type></method></method-group></class></namespace></namespace></header><header name="boost/signal_network/component/timed_generator.hpp"><namespace name="boost"><namespace name="signals"><class name="timed_generator"><template>
      <template-type-parameter name="Signature"/>
      <template-type-parameter name="OutSignal"><default>unfused</default></template-type-parameter>
      <template-type-parameter name="Combiner"><default>boost::last_value&lt;typename boost::function_traits&lt;Signature&gt;::result_type&gt;</default></template-type-parameter>
      <template-type-parameter name="Group"><default>int</default></template-type-parameter>
      <template-type-parameter name="GroupCompare"><default>std::less&lt;Group&gt;</default></template-type-parameter>
    </template><inherit access="public">boost::signals::storage&lt; Signature, OutSignal, Combiner, Group, GroupCompare &gt;</inherit><purpose>Creates its own thread and periodically sends a signal with the stored value. </purpose><description><para>
</para></description><method-group name="public member functions"><method name="enable" cv=""><type>void</type><parameter name="interval"><paramtype>double</paramtype><description><para>Sets the time interval (in seconds) at which the signal is sent. </para></description></parameter><parameter name="signal_count"><paramtype>unsigned</paramtype><default>0</default><description><para>The signal will be sent signal_count times, or indefinitelly if signal_count==0. </para></description></parameter><purpose>Sets the object to send the stored value at specified time intervals. </purpose><description><para>
</para></description></method><method name="disable" cv=""><type>void</type><purpose>Stops the sending of signals and suspends the thread. </purpose></method><method name="join" cv=""><type>void</type><purpose>Forces the thread to terminate. </purpose></method></method-group><constructor><purpose>Default constructor. Starts the thread, but signals won't be sent until the enable() function is called. </purpose></constructor><destructor><purpose>The thread should be joined by the time the destructor is called. </purpose></destructor><method-group name="private member functions"><method name="thread_function" cv=""><type>void</type></method></method-group></class></namespace></namespace></header><header name="boost/signal_network/component/traits.hpp"><namespace name="boost"><namespace name="signals"><struct name="is_component"><template>
      <template-type-parameter name="T"/>
      <template-type-parameter name="Enable"><default>void</default></template-type-parameter>
    </template></struct><struct-specialization name="get_signal_type"><template>
      <template-type-parameter name="T"/>
    </template><specialization><template-arg>T</template-arg><template-arg>typename detail::enable_if_defined&lt; typename T::signal_type &gt;::type</template-arg></specialization><typedef name="type"><type>T::signal_type</type></typedef></struct-specialization></namespace></namespace></header><header name="boost/signal_network/connection.hpp"/><header name="boost/signal_network/connection/connect.hpp"><namespace name="boost"><namespace name="signals"><struct name="connect_impl"><template>
      <template-type-parameter name="Input"/>
      <template-type-parameter name="Output"/>
      <template-type-parameter name="Enable"><default>void</default></template-type-parameter>
    </template><purpose>A functor which connects two components. It must be specialized to support each component to be used with the library. </purpose><method-group name="public member functions"><method name="operator()" cv=""><type>void</type><parameter name="input"><paramtype>Input &amp;</paramtype></parameter><parameter name="output"><paramtype>Output &amp;</paramtype></parameter><description><para>Connects input to output. </para></description></method><method name="operator()" cv=""><type>void</type><parameter name="input"><paramtype>Input &amp;</paramtype></parameter><parameter name="output"><paramtype>const Output &amp;</paramtype></parameter><description><para>Connects input to output. </para></description></method><method name="operator()" cv=""><type>void</type><parameter name="input"><paramtype>const Input &amp;</paramtype></parameter><parameter name="output"><paramtype>Output &amp;</paramtype></parameter><description><para>Connects input to output. </para></description></method><method name="operator()" cv=""><type>void</type><parameter name="input"><paramtype>const Input &amp;</paramtype></parameter><parameter name="output"><paramtype>const Output &amp;</paramtype></parameter><description><para>Connects input to output. </para></description></method></method-group></struct><function name="connect"><type>void</type><template>
          <template-type-parameter name="Input"/>
          <template-type-parameter name="Output"/>
        </template><parameter name="input"><paramtype>Input &amp;</paramtype></parameter><parameter name="output"><paramtype>Output &amp;</paramtype></parameter><description><para>Connects two components using boost::signals::connect_impl. </para></description></function><function name="connect"><type>void</type><template>
          <template-type-parameter name="Input"/>
          <template-type-parameter name="Output"/>
        </template><parameter name="input"><paramtype>Input &amp;</paramtype></parameter><parameter name="output"><paramtype>const Output &amp;</paramtype></parameter><description><para>Connects two components using boost::signals::connect_impl. </para></description></function><function name="connect"><type>void</type><template>
          <template-type-parameter name="Input"/>
          <template-type-parameter name="Output"/>
        </template><parameter name="input"><paramtype>const Input &amp;</paramtype></parameter><parameter name="output"><paramtype>Output &amp;</paramtype></parameter><description><para>Connects two components using boost::signals::connect_impl. </para></description></function><function name="connect"><type>void</type><template>
          <template-type-parameter name="Input"/>
          <template-type-parameter name="Output"/>
        </template><parameter name="input"><paramtype>const Input &amp;</paramtype></parameter><parameter name="output"><paramtype>const Output &amp;</paramtype></parameter><description><para>Connects two components using boost::signals::connect_impl. </para></description></function></namespace></namespace></header><header name="boost/signal_network/connection/operators.hpp"><namespace name="boost"><namespace name="signals"><function name="operator&gt;&gt;="><type>boost::enable_if&lt; is_component&lt; Input &gt;, Input &amp; &gt;::type</type><template>
          <template-type-parameter name="Input"/>
          <template-type-parameter name="Output"/>
        </template><parameter name="input"><paramtype>Input &amp;</paramtype></parameter><parameter name="output"><paramtype>Output &amp;</paramtype></parameter><purpose>Connects two components (typically as a part of a chain of components). </purpose><description><para>This operator is identical to signals::operator| (it connects the left component to the right component, and returns a reference to the left component), except it is evaluated right to left. This makes it semantics more suitable for connecting a chain of components. </para></description></function><function name="operator&gt;&gt;="><type>boost::enable_if&lt; is_component&lt; Input &gt;, Input &amp; &gt;::type</type><template>
          <template-type-parameter name="Input"/>
          <template-type-parameter name="Output"/>
        </template><parameter name="input"><paramtype>Input &amp;</paramtype></parameter><parameter name="output"><paramtype>const Output &amp;</paramtype></parameter></function><function name="operator&gt;&gt;="><type>boost::enable_if&lt; is_component&lt; Input &gt;, const Input &amp; &gt;::type</type><template>
          <template-type-parameter name="Input"/>
          <template-type-parameter name="Output"/>
        </template><parameter name="input"><paramtype>const Input &amp;</paramtype></parameter><parameter name="output"><paramtype>Output &amp;</paramtype></parameter></function><function name="operator&gt;&gt;="><type>boost::enable_if&lt; is_component&lt; Input &gt;, const Input &amp; &gt;::type</type><template>
          <template-type-parameter name="Input"/>
          <template-type-parameter name="Output"/>
        </template><parameter name="input"><paramtype>const Input &amp;</paramtype></parameter><parameter name="output"><paramtype>const Output &amp;</paramtype></parameter></function><function name="operator|"><type>boost::enable_if&lt; is_component&lt; Input &gt;, Input &amp; &gt;::type</type><template>
          <template-type-parameter name="Input"/>
          <template-type-parameter name="Output"/>
        </template><parameter name="input"><paramtype>Input &amp;</paramtype></parameter><parameter name="output"><paramtype>Output &amp;</paramtype></parameter><purpose>Connects two components (typically as a part of branching from a single component). </purpose><description><para>This operator is identical to signals::operator&gt;&gt;=, (it connects the left component to the right component, and returns a reference to the left component) except it is evaluated left to right. This makes its semantics more suitable for branching connections. </para></description></function><function name="operator|"><type>boost::enable_if&lt; is_component&lt; Input &gt;, Input &amp; &gt;::type</type><template>
          <template-type-parameter name="Input"/>
          <template-type-parameter name="Output"/>
        </template><parameter name="input"><paramtype>Input &amp;</paramtype></parameter><parameter name="output"><paramtype>const Output &amp;</paramtype></parameter></function><function name="operator|"><type>boost::enable_if&lt; is_component&lt; Input &gt;, const Input &amp; &gt;::type</type><template>
          <template-type-parameter name="Input"/>
          <template-type-parameter name="Output"/>
        </template><parameter name="input"><paramtype>const Input &amp;</paramtype></parameter><parameter name="output"><paramtype>Output &amp;</paramtype></parameter></function><function name="operator|"><type>boost::enable_if&lt; is_component&lt; Input &gt;, const Input &amp; &gt;::type</type><template>
          <template-type-parameter name="Input"/>
          <template-type-parameter name="Output"/>
        </template><parameter name="input"><paramtype>const Input &amp;</paramtype></parameter><parameter name="output"><paramtype>const Output &amp;</paramtype></parameter></function></namespace></namespace></header><header name="boost/signal_network/connection/signal.hpp"><namespace name="boost"><namespace name="signals"><struct-specialization name="connect_impl"><template>
      <template-type-parameter name="Input"/>
      <template-type-parameter name="Output"/>
    </template><specialization><template-arg>Input</template-arg><template-arg>Output</template-arg></specialization><purpose>Support for components using the signal data transport mechanism. </purpose><method-group name="public member functions"><method name="operator()" cv=""><type>void</type><parameter name="input"><paramtype>Input &amp;</paramtype></parameter><parameter name="output"><paramtype>Output &amp;</paramtype></parameter></method><method name="operator()" cv=""><type>void</type><parameter name="input"><paramtype>Input &amp;</paramtype></parameter><parameter name="output"><paramtype>const Output &amp;</paramtype></parameter></method><method name="operator()" cv=""><type>void</type><parameter name="input"><paramtype>const Input &amp;</paramtype></parameter><parameter name="output"><paramtype>Output &amp;</paramtype></parameter></method><method name="operator()" cv=""><type>void</type><parameter name="input"><paramtype>const Input &amp;</paramtype></parameter><parameter name="output"><paramtype>const Output &amp;</paramtype></parameter></method></method-group></struct-specialization><struct-specialization name="is_component"><template>
      <template-type-parameter name="Signature"/>
      <template-type-parameter name="Combiner"/>
      <template-type-parameter name="Group"/>
      <template-type-parameter name="GroupCompare"/>
    </template><specialization><template-arg>boost::signal&lt; Signature</template-arg><template-arg>Combiner</template-arg><template-arg>Group</template-arg><template-arg>GroupCompare &gt;</template-arg></specialization><purpose>Support for boost::signal. </purpose></struct-specialization><struct-specialization name="get_signal"><template>
      <template-type-parameter name="Signature"/>
      <template-type-parameter name="Combiner"/>
      <template-type-parameter name="Group"/>
      <template-type-parameter name="GroupCompare"/>
    </template><specialization><template-arg>boost::signal&lt; Signature</template-arg><template-arg>Combiner</template-arg><template-arg>Group</template-arg><template-arg>GroupCompare &gt;</template-arg></specialization><purpose>Support for boost::signal. </purpose><method-group name="public member functions"><method name="operator()" cv=""><type>boost::signal&lt; Signature, Combiner, Group, GroupCompare &gt; &amp;</type><parameter name="s"><paramtype>boost::signal&lt; Signature, Combiner, Group, GroupCompare &gt; &amp;</paramtype></parameter></method></method-group></struct-specialization><struct-specialization name="get_signal_type"><template>
      <template-type-parameter name="Signature"/>
      <template-type-parameter name="Combiner"/>
      <template-type-parameter name="Group"/>
      <template-type-parameter name="GroupCompare"/>
    </template><specialization><template-arg>boost::signal&lt; Signature</template-arg><template-arg>Combiner</template-arg><template-arg>Group</template-arg><template-arg>GroupCompare &gt;</template-arg></specialization><purpose>Support for boost::signal. </purpose><typedef name="type"><type>boost::signal&lt; Signature, Combiner, Group, GroupCompare &gt;</type></typedef></struct-specialization><struct-specialization name="get_slot"><template>
      <template-type-parameter name="Signature"/>
      <template-type-parameter name="T"/>
    </template><specialization><template-arg>Signature</template-arg><template-arg>T</template-arg><template-arg>typename boost::enable_if&lt; detail::result_of_defined&lt; typename detail::replace_return_type&lt; Signature</template-arg><template-arg>T &gt;::type &gt; &gt;::type</template-arg></specialization><purpose>Support for function objects that for which boost::result_of is defined. </purpose><method-group name="public member functions"><method name="operator()" cv=""><type>boost::function&lt; Signature &gt;</type><parameter name="object"><paramtype>T &amp;</paramtype></parameter></method><method name="operator()" cv=""><type>boost::function&lt; Signature &gt;</type><parameter name="object"><paramtype>const T &amp;</paramtype></parameter></method></method-group></struct-specialization></namespace></namespace></header><header name="boost/signal_network/connection/slot_selector.hpp"><namespace name="boost"><namespace name="signals"><struct name="slot_selector"><template>
      <template-type-parameter name="Signature"/>
      <template-type-parameter name="T"/>
    </template><purpose>Reference to a class instance and pointer to a class member function. </purpose><typedef name="signature_type"><type>Signature</type></typedef><typedef name="class_type"><type>T</type></typedef><data-member name="object"><type>T &amp;</type></data-member><data-member name="func"><type><emphasis>unspecified</emphasis></type></data-member><method-group name="public member functions"/><constructor><parameter name="func"><paramtype><emphasis>unspecified</emphasis></paramtype></parameter><parameter name="object"><paramtype>T &amp;</paramtype></parameter></constructor></struct><struct-specialization name="is_component"><template>
      <template-type-parameter name="Signature"/>
      <template-type-parameter name="T"/>
    </template><specialization><template-arg>slot_selector&lt; Signature</template-arg><template-arg>T &gt;</template-arg></specialization><purpose>Support for slot_selector as an input component (producer). </purpose></struct-specialization><struct-specialization name="get_signal"><template>
      <template-type-parameter name="Signature"/>
      <template-type-parameter name="T"/>
    </template><specialization><template-arg>slot_selector&lt; Signature</template-arg><template-arg>T &gt;</template-arg></specialization><purpose>Support for slot_selector as an input component (producer). </purpose><method-group name="public member functions"><method name="operator()" cv=""><type>get_signal_type&lt; T &gt;::type &amp;</type><parameter name="selector"><paramtype>const <classname>slot_selector</classname>&lt; Signature, T &gt; &amp;</paramtype></parameter></method></method-group></struct-specialization><struct-specialization name="get_signal_type"><template>
      <template-type-parameter name="Signature"/>
      <template-type-parameter name="T"/>
    </template><specialization><template-arg>slot_selector&lt; Signature</template-arg><template-arg>T &gt;</template-arg></specialization><purpose>Support for slot_selector as an input component (producer). </purpose><typedef name="type"><type>get_signal_type&lt; T &gt;::type</type></typedef></struct-specialization><struct-specialization name="get_slot"><template>
      <template-type-parameter name="Signature"/>
      <template-type-parameter name="T"/>
    </template><specialization><template-arg>Signature</template-arg><template-arg>slot_selector&lt; Signature</template-arg><template-arg>T &gt;</template-arg></specialization><purpose>Support for slot_selector as an output component (consumer). </purpose><method-group name="public member functions"><method name="operator()" cv=""><type>boost::function&lt; Signature &gt;</type><parameter name="selector"><paramtype>const <classname>slot_selector</classname>&lt; Signature, T &gt; &amp;</paramtype></parameter></method></method-group></struct-specialization><function name="make_slot_selector"><type><classname>slot_selector</classname>&lt; Signature, T &gt;</type><template>
          <template-type-parameter name="Signature"/>
          <template-type-parameter name="T"/>
        </template><parameter name="func"><paramtype><emphasis>unspecified</emphasis></paramtype></parameter><parameter name="object"><paramtype>T &amp;</paramtype></parameter><purpose>Allows arbitrary member functions to serve as slots. </purpose></function></namespace></namespace></header><header name="boost/signal_network/connection/slot_selector_map.hpp"><namespace name="boost"><namespace name="signals"><struct-specialization name="get_slot"><template>
      <template-type-parameter name="Signature"/>
      <template-type-parameter name="T"/>
    </template><specialization><template-arg>Signature</template-arg><template-arg>T</template-arg><template-arg>typename boost::enable_if&lt; boost::fusion::traits::is_sequence&lt; T &gt; &gt;::type</template-arg></specialization><description><para>Support for fusion maps of consumer components. </para></description><method-group name="public member functions"><method name="operator()" cv=""><type>boost::function&lt; Signature &gt;</type><parameter name="seq"><paramtype>const T &amp;</paramtype></parameter></method></method-group></struct-specialization><struct-specialization name="is_component"><template>
      <template-type-parameter name="T"/>
    </template><specialization><template-arg>T</template-arg><template-arg>typename boost::enable_if&lt; boost::fusion::traits::is_sequence&lt; T &gt; &gt;::type</template-arg></specialization><purpose>Support for fusion maps as a producer component (it will try to use the first component). </purpose></struct-specialization><struct-specialization name="get_signal_type"><template>
      <template-type-parameter name="T"/>
    </template><specialization><template-arg>T</template-arg><template-arg>typename boost::enable_if&lt; boost::fusion::traits::is_sequence&lt; T &gt; &gt;::type</template-arg></specialization><purpose>Support for slot_selector as an input component (producer). </purpose><typedef name="type"><type>get_signal_type&lt; typename boost::remove_reference&lt; typename boost::fusion::result_of::front&lt; T &gt;::type &gt;::type::second_type &gt;::type</type></typedef></struct-specialization><struct-specialization name="get_signal"><template>
      <template-type-parameter name="T"/>
    </template><specialization><template-arg>T</template-arg><template-arg>typename boost::enable_if&lt; boost::fusion::traits::is_sequence&lt; T &gt; &gt;::type</template-arg></specialization><purpose>Support for slot_selector as an input component (producer). </purpose><method-group name="public member functions"><method name="operator()" cv=""><type>get_signal_type&lt; T &gt;::type &amp;</type><parameter name="map"><paramtype>const T &amp;</paramtype></parameter></method></method-group></struct-specialization></namespace></namespace></header></library-reference>
